Move,Score,Matrix,Direction
1,0,"[0, 0, 0, 0, 0, 0, 0, 0, 2, 2, 0, 0, 0, 0, 0, 0]",left
2,0,"[2, 2, 0, 0, 2, 0, 0, 0, 0, 0, 0, 0, 0, 0, 0, 0]",up
3,4,"[0, 0, 0, 0, 0, 0, 0, 0, 2, 0, 0, 0, 4, 2, 0, 0]",down
4,4,"[0, 0, 0, 0, 0, 2, 0, 0, 0, 0, 0, 2, 0, 0, 4, 2]",right
5,8,"[0, 2, 4, 4, 2, 0, 0, 0, 0, 0, 0, 0, 0, 0, 0, 0]",up
6,16,"[2, 8, 0, 0, 2, 0, 0, 0, 0, 0, 0, 0, 0, 0, 0, 2]",left
7,20,"[0, 0, 0, 0, 0, 0, 0, 0, 0, 2, 0, 0, 4, 8, 0, 2]",down
8,20,"[0, 0, 0, 0, 0, 2, 0, 0, 0, 0, 0, 2, 0, 4, 8, 2]",right
9,24,"[0, 0, 0, 2, 0, 0, 0, 0, 0, 2, 0, 0, 0, 4, 8, 4]",down
10,24,"[2, 0, 0, 0, 0, 0, 0, 0, 2, 0, 0, 2, 4, 8, 4, 0]",left
11,28,"[4, 8, 4, 2, 4, 0, 2, 0, 0, 0, 0, 0, 0, 0, 0, 0]",up
12,28,"[4, 8, 4, 2, 0, 0, 4, 2, 0, 0, 4, 0, 0, 0, 0, 0]",right
13,40,"[0, 0, 0, 0, 0, 4, 0, 0, 0, 0, 8, 0, 4, 8, 4, 4]",down
14,48,"[0, 0, 0, 0, 4, 0, 2, 0, 8, 0, 0, 0, 4, 8, 8, 0]",left
15,48,"[4, 8, 2, 0, 8, 0, 8, 0, 4, 0, 0, 0, 0, 0, 0, 2]",up
16,64,"[0, 4, 8, 2, 0, 0, 0, 16, 0, 0, 0, 4, 0, 0, 2, 2]",right
17,64,"[0, 0, 0, 2, 0, 0, 2, 16, 0, 0, 8, 4, 0, 4, 2, 2]",down
18,68,"[2, 0, 0, 0, 2, 16, 0, 0, 8, 4, 2, 0, 4, 4, 0, 0]",left
19,80,"[4, 16, 2, 0, 8, 8, 0, 0, 4, 0, 0, 0, 2, 0, 0, 0]",up
20,96,"[0, 4, 16, 2, 0, 0, 0, 16, 0, 0, 0, 4, 0, 0, 2, 2]",right
21,96,"[0, 0, 0, 2, 0, 0, 4, 16, 0, 0, 16, 4, 0, 4, 2, 2]",down
22,100,"[2, 2, 0, 0, 4, 16, 0, 0, 16, 4, 0, 0, 4, 4, 0, 0]",left
23,112,"[0, 0, 0, 4, 0, 2, 4, 16, 0, 0, 16, 4, 0, 0, 0, 8]",right
24,112,"[0, 2, 4, 4, 2, 0, 16, 16, 0, 0, 0, 4, 0, 0, 0, 8]",up
25,152,"[2, 8, 0, 0, 2, 32, 0, 0, 4, 2, 0, 0, 8, 0, 0, 0]",left
26,180,"[0, 0, 0, 0, 0, 8, 0, 0, 0, 32, 0, 0, 16, 2, 2, 0]",down
27,184,"[0, 0, 0, 0, 0, 0, 0, 8, 0, 0, 0, 32, 2, 0, 16, 4]",right
28,184,"[2, 0, 16, 8, 0, 2, 0, 32, 0, 0, 0, 4, 0, 0, 0, 0]",up
29,184,"[2, 16, 8, 0, 2, 32, 0, 0, 4, 0, 0, 0, 2, 0, 0, 0]",left
30,196,"[0, 0, 0, 0, 0, 2, 0, 0, 8, 16, 0, 0, 2, 32, 8, 0]",down
31,196,"[0, 0, 0, 2, 0, 0, 0, 2, 0, 0, 8, 16, 0, 2, 32, 8]",right
32,196,"[2, 0, 0, 0, 2, 0, 0, 0, 8, 16, 0, 0, 2, 32, 8, 2]",left
33,196,"[0, 0, 0, 2, 0, 0, 0, 2, 0, 2, 8, 16, 2, 32, 8, 2]",right
34,216,"[2, 0, 0, 0, 0, 0, 0, 4, 0, 2, 0, 16, 2, 32, 16, 2]",down
35,216,"[2, 0, 2, 0, 4, 0, 0, 0, 2, 16, 0, 0, 2, 32, 16, 2]",left
36,220,"[0, 0, 0, 4, 0, 0, 0, 4, 2, 0, 2, 16, 2, 32, 16, 2]",right
37,232,"[4, 32, 2, 8, 0, 2, 16, 16, 0, 0, 0, 2, 0, 0, 0, 0]",up
38,264,"[4, 32, 2, 8, 2, 32, 0, 0, 2, 0, 0, 0, 0, 2, 0, 0]",left
39,268,"[0, 0, 0, 0, 2, 32, 0, 0, 4, 32, 0, 0, 4, 2, 2, 8]",down
40,272,"[0, 0, 0, 0, 2, 32, 2, 0, 4, 32, 0, 0, 4, 4, 8, 0]",left
41,280,"[0, 0, 0, 2, 0, 2, 32, 2, 0, 0, 4, 32, 0, 0, 8, 8]",right
42,284,"[0, 2, 32, 4, 0, 0, 4, 32, 0, 0, 8, 8, 0, 2, 0, 0]",up
43,300,"[2, 32, 4, 0, 4, 32, 0, 0, 16, 2, 0, 0, 2, 0, 0, 0]",left
44,364,"[2, 0, 0, 0, 4, 2, 0, 0, 16, 64, 0, 0, 2, 2, 4, 0]",down
45,368,"[2, 2, 0, 0, 4, 2, 0, 0, 16, 64, 0, 0, 4, 4, 0, 0]",left
46,372,"[2, 0, 0, 2, 4, 4, 0, 0, 16, 64, 0, 0, 4, 4, 0, 0]",down
47,392,"[0, 0, 0, 4, 4, 0, 0, 8, 0, 0, 16, 64, 0, 0, 0, 8]",right
48,392,"[4, 0, 0, 0, 4, 8, 0, 0, 16, 64, 0, 0, 8, 2, 0, 0]",left
49,392,"[0, 0, 0, 4, 0, 0, 4, 8, 0, 2, 16, 64, 0, 0, 8, 2]",right
50,392,"[0, 0, 0, 4, 0, 0, 4, 8, 0, 2, 16, 64, 0, 2, 8, 2]",down
51,392,"[4, 2, 0, 0, 4, 8, 0, 0, 2, 16, 64, 0, 2, 8, 2, 0]",left
52,392,"[0, 0, 4, 2, 0, 0, 4, 8, 2, 2, 16, 64, 0, 2, 8, 2]",right
53,404,"[0, 0, 0, 2, 0, 0, 8, 8, 0, 2, 16, 64, 2, 4, 8, 2]",down
54,420,"[2, 0, 0, 0, 16, 0, 0, 2, 2, 16, 64, 0, 2, 4, 8, 2]",left
55,428,"[2, 16, 64, 4, 16, 4, 8, 0, 4, 0, 0, 0, 0, 4, 0, 0]",up
56,428,"[2, 16, 64, 4, 0, 16, 4, 8, 0, 0, 2, 4, 0, 0, 0, 4]",right
57,468,"[0, 0, 0, 0, 0, 0, 64, 4, 2, 0, 4, 8, 2, 32, 2, 8]",down
58,468,"[0, 0, 2, 0, 64, 4, 0, 0, 2, 4, 8, 0, 2, 32, 2, 8]",left
59,468,"[2, 0, 0, 2, 0, 0, 64, 4, 0, 2, 4, 8, 2, 32, 2, 8]",right
60,488,"[4, 2, 64, 2, 4, 32, 4, 4, 0, 0, 2, 16, 0, 0, 0, 0]",up
61,496,"[4, 2, 64, 2, 4, 32, 8, 0, 2, 16, 0, 0, 0, 0, 0, 2]",left
62,496,"[4, 2, 64, 2, 0, 4, 32, 8, 0, 0, 2, 16, 2, 0, 0, 2]",right
63,496,"[4, 2, 64, 2, 2, 4, 32, 8, 2, 0, 2, 16, 0, 0, 0, 2]",up
64,500,"[0, 0, 0, 2, 2, 0, 64, 8, 4, 2, 32, 16, 4, 4, 2, 2]",down
65,512,"[2, 0, 0, 0, 2, 64, 8, 0, 4, 2, 32, 16, 8, 4, 0, 2]",left
66,516,"[4, 64, 8, 16, 4, 2, 32, 2, 8, 4, 0, 2, 0, 0, 0, 0]",up
67,516,"[4, 64, 8, 16, 4, 2, 32, 2, 0, 8, 4, 2, 2, 0, 0, 0]",right
68,528,"[0, 0, 0, 0, 0, 64, 8, 2, 8, 2, 32, 16, 2, 8, 4, 4]",down
69,536,"[2, 0, 0, 0, 64, 8, 2, 0, 8, 2, 32, 16, 2, 8, 8, 0]",left
70,536,"[2, 8, 2, 16, 64, 2, 32, 2, 8, 8, 8, 0, 2, 0, 0, 0]",up
71,552,"[2, 8, 2, 16, 64, 2, 32, 2, 2, 0, 8, 16, 0, 0, 0, 2]",right
72,552,"[0, 2, 0, 16, 2, 0, 2, 2, 64, 8, 32, 16, 2, 2, 8, 2]",down
73,560,"[2, 16, 0, 2, 4, 2, 0, 0, 64, 8, 32, 16, 4, 8, 2, 0]",left
74,560,"[0, 2, 16, 2, 0, 2, 4, 2, 64, 8, 32, 16, 0, 4, 8, 2]",right
75,568,"[0, 4, 16, 0, 0, 4, 4, 4, 0, 8, 32, 16, 64, 4, 8, 2]",down
76,576,"[4, 16, 0, 0, 8, 4, 2, 0, 8, 32, 16, 0, 64, 4, 8, 2]",left
77,576,"[0, 0, 4, 16, 0, 8, 4, 2, 2, 8, 32, 16, 64, 4, 8, 2]",right
78,592,"[2, 16, 4, 16, 64, 4, 4, 2, 2, 0, 32, 16, 0, 0, 8, 2]",up
79,600,"[2, 16, 4, 16, 64, 8, 2, 0, 2, 32, 16, 0, 8, 2, 0, 2]",left
80,600,"[2, 16, 0, 2, 64, 8, 4, 0, 2, 32, 2, 16, 8, 2, 16, 2]",down
81,600,"[0, 2, 16, 2, 2, 64, 8, 4, 2, 32, 2, 16, 8, 2, 16, 2]",right
82,600,"[2, 16, 2, 2, 2, 64, 8, 4, 2, 32, 2, 16, 8, 2, 16, 2]",left
83,604,"[2, 16, 2, 2, 4, 64, 8, 4, 2, 32, 2, 16, 8, 2, 16, 2]",down
84,608,"[2, 2, 16, 4, 4, 64, 8, 4, 2, 32, 2, 16, 8, 2, 16, 2]",right
85,612,"[4, 16, 4, 2, 4, 64, 8, 4, 2, 32, 2, 16, 8, 2, 16, 2]",left
86,620,"[8, 16, 4, 2, 2, 64, 8, 4, 8, 32, 2, 16, 2, 2, 16, 2]",up
87,624,"[8, 16, 4, 2, 2, 64, 8, 4, 8, 32, 2, 16, 4, 16, 2, 2]",left
88,628,"[8, 16, 4, 2, 2, 64, 8, 4, 8, 32, 2, 16, 4, 16, 4, 2]",left
1,0,"[0, 0, 2, 0, 0, 0, 0, 2, 0, 0, 0, 0, 0, 0, 0, 0]",up
2,0,"[0, 0, 0, 2, 0, 0, 0, 2, 0, 0, 0, 0, 0, 0, 2, 0]",right
3,0,"[2, 0, 0, 0, 2, 0, 0, 0, 0, 0, 2, 0, 2, 0, 0, 0]",left
4,4,"[4, 0, 2, 0, 2, 0, 0, 0, 0, 0, 0, 0, 0, 0, 0, 2]",up
5,4,"[0, 0, 4, 2, 0, 0, 0, 2, 0, 0, 2, 0, 0, 0, 0, 2]",right
6,4,"[4, 2, 0, 0, 2, 0, 0, 0, 2, 0, 0, 0, 2, 0, 0, 2]",left
7,8,"[4, 2, 0, 2, 4, 0, 0, 0, 2, 0, 0, 0, 0, 2, 0, 0]",up
8,12,"[4, 4, 0, 0, 4, 2, 0, 0, 2, 0, 0, 0, 2, 0, 0, 0]",left
9,24,"[0, 0, 0, 0, 0, 0, 0, 0, 8, 4, 2, 0, 4, 2, 0, 0]",down
10,24,"[0, 0, 0, 0, 0, 0, 0, 0, 0, 8, 4, 2, 0, 2, 4, 2]",right
11,24,"[0, 0, 0, 2, 0, 0, 0, 0, 8, 4, 2, 0, 2, 4, 2, 0]",left
12,36,"[8, 8, 4, 2, 2, 0, 0, 0, 0, 0, 2, 0, 0, 0, 0, 0]",up
1,0,"[8, 8, 4, 2, 2, 0, 2, 0, 0, 0, 0, 0, 2, 0, 0, 0]",up
2,20,"[0, 16, 4, 2, 2, 0, 0, 4, 0, 0, 0, 0, 0, 0, 0, 2]",right
3,20,"[2, 0, 0, 0, 0, 0, 0, 2, 0, 0, 0, 4, 2, 16, 4, 2]",down
1,0,"[0, 0, 2, 0, 0, 0, 2, 0, 0, 0, 0, 0, 0, 0, 0, 0]",up
2,0,"[0, 0, 0, 2, 0, 0, 0, 2, 0, 0, 0, 2, 0, 0, 0, 0]",right
3,4,"[0, 0, 0, 0, 0, 0, 0, 2, 0, 0, 0, 4, 0, 0, 0, 2]",down
4,4,"[0, 0, 0, 0, 2, 0, 0, 0, 4, 0, 0, 2, 2, 0, 0, 0]",left
5,4,"[2, 0, 0, 2, 4, 0, 0, 0, 2, 4, 0, 0, 0, 0, 0, 0]",up
6,8,"[0, 0, 0, 4, 2, 0, 0, 4, 0, 0, 2, 4, 0, 0, 0, 0]",right
7,8,"[4, 0, 0, 0, 2, 4, 0, 0, 2, 4, 0, 0, 0, 0, 2, 0]",left
8,20,"[4, 8, 2, 2, 4, 0, 0, 0, 0, 0, 0, 0, 0, 0, 0, 0]",up
1,0,"[2, 0, 0, 0, 0, 0, 0, 0, 0, 0, 0, 0, 0, 0, 0, 2]",left
2,0,"[2, 0, 2, 2, 0, 0, 0, 0, 0, 0, 0, 0, 0, 0, 0, 0]",up
3,4,"[4, 0, 2, 4, 0, 0, 0, 0, 0, 0, 0, 0, 0, 0, 0, 0]",right
4,4,"[4, 2, 4, 0, 0, 0, 0, 0, 0, 0, 0, 0, 0, 0, 0, 2]",left
5,4,"[0, 0, 0, 0, 0, 0, 0, 0, 0, 2, 0, 0, 4, 2, 4, 2]",down
6,4,"[0, 0, 0, 0, 2, 0, 0, 0, 2, 0, 0, 0, 4, 2, 4, 2]",left
7,4,"[0, 2, 0, 0, 0, 0, 0, 2, 0, 0, 0, 2, 4, 2, 4, 2]",right
8,4,"[2, 0, 0, 2, 2, 0, 0, 0, 2, 0, 0, 0, 4, 2, 4, 2]",left
9,12,"[4, 2, 4, 4, 2, 0, 0, 0, 4, 0, 0, 2, 0, 0, 0, 0]",up
10,20,"[0, 4, 2, 8, 0, 0, 0, 2, 0, 0, 4, 2, 0, 0, 0, 2]",right
11,20,"[4, 2, 8, 0, 2, 0, 0, 0, 4, 2, 2, 0, 2, 0, 0, 0]",left
12,24,"[4, 0, 0, 0, 2, 0, 0, 2, 4, 0, 8, 0, 2, 4, 2, 0]",down
13,28,"[0, 2, 0, 4, 0, 0, 0, 4, 0, 0, 4, 8, 0, 2, 4, 2]",right
14,28,"[2, 4, 0, 0, 4, 0, 0, 0, 4, 8, 2, 0, 2, 4, 2, 0]",left
1,12,"[2, 4, 4, 0, 8, 8, 0, 2, 2, 4, 0, 0, 0, 0, 0, 0]",up
2,20,"[2, 8, 0, 0, 8, 8, 2, 0, 2, 4, 0, 2, 0, 0, 0, 0]",left
3,36,"[0, 2, 2, 8, 0, 0, 16, 2, 0, 2, 4, 2, 0, 0, 0, 0]",right
4,44,"[0, 0, 0, 0, 0, 2, 2, 0, 0, 0, 16, 8, 0, 4, 4, 4]",down
5,56,"[2, 0, 0, 0, 4, 0, 0, 0, 16, 8, 0, 0, 8, 4, 0, 0]",left
6,56,"[0, 0, 0, 2, 0, 0, 0, 4, 0, 0, 16, 8, 4, 0, 8, 4]",right
7,56,"[4, 4, 16, 2, 0, 0, 8, 4, 0, 0, 0, 8, 0, 0, 0, 4]",up
8,64,"[0, 8, 16, 2, 0, 0, 8, 4, 0, 0, 0, 8, 0, 0, 2, 4]",right
9,64,"[8, 16, 2, 0, 8, 4, 2, 0, 8, 0, 0, 0, 2, 4, 0, 0]",left
10,64,"[0, 8, 16, 2, 0, 8, 4, 2, 2, 0, 0, 8, 0, 0, 2, 4]",right
11,84,"[2, 16, 16, 4, 0, 0, 4, 8, 0, 0, 2, 4, 0, 0, 0, 2]",up
12,116,"[0, 2, 32, 4, 0, 0, 4, 8, 0, 0, 2, 4, 4, 0, 0, 2]",right
13,116,"[2, 32, 4, 0, 4, 8, 0, 0, 2, 4, 2, 0, 4, 2, 0, 0]",left
14,116,"[0, 2, 32, 4, 4, 0, 4, 8, 0, 2, 4, 2, 0, 0, 4, 2]",right
1,8,"[0, 2, 32, 4, 0, 0, 8, 8, 0, 2, 4, 2, 2, 0, 4, 2]",right
2,24,"[2, 4, 32, 4, 0, 0, 8, 8, 0, 0, 8, 4, 2, 0, 0, 0]",up
3,40,"[2, 4, 32, 4, 16, 0, 0, 0, 8, 4, 0, 2, 2, 0, 0, 0]",left
4,48,"[2, 0, 0, 2, 16, 0, 0, 0, 8, 0, 0, 4, 2, 8, 32, 2]",down
5,52,"[0, 0, 4, 4, 0, 0, 0, 16, 0, 0, 8, 4, 2, 8, 32, 2]",right
6,60,"[8, 0, 0, 0, 16, 0, 0, 0, 8, 4, 0, 2, 2, 8, 32, 2]",left
7,64,"[8, 4, 32, 4, 16, 8, 0, 2, 8, 0, 0, 0, 2, 0, 0, 0]",up
8,64,"[8, 4, 32, 4, 0, 16, 8, 2, 0, 2, 0, 8, 0, 0, 0, 2]",right
9,64,"[0, 0, 2, 4, 0, 4, 0, 2, 0, 16, 32, 8, 8, 2, 8, 2]",down
1,0,"[0, 0, 0, 2, 0, 0, 0, 0, 0, 0, 0, 0, 0, 0, 0, 4]",up
2,0,"[2, 0, 0, 0, 0, 0, 0, 0, 0, 2, 0, 0, 4, 0, 0, 0]",left
3,0,"[0, 0, 0, 2, 0, 0, 0, 0, 0, 0, 0, 2, 0, 0, 2, 4]",right
4,12,"[0, 0, 0, 0, 0, 0, 2, 0, 0, 0, 0, 0, 0, 0, 2, 8]",down
5,12,"[0, 0, 2, 0, 0, 0, 0, 2, 0, 0, 0, 0, 0, 0, 2, 8]",right
6,16,"[0, 0, 0, 0, 0, 0, 0, 0, 0, 0, 2, 2, 0, 0, 4, 8]",down
1,0,"[2, 0, 2, 2, 2, 0, 4, 8, 0, 0, 0, 0, 0, 0, 0, 0]",up
2,4,"[4, 2, 0, 4, 2, 4, 8, 0, 0, 0, 0, 0, 0, 0, 0, 0]",left
3,4,"[0, 0, 0, 0, 0, 0, 2, 0, 4, 2, 0, 0, 2, 4, 8, 4]",down
4,4,"[0, 0, 0, 0, 2, 0, 0, 2, 0, 0, 4, 2, 2, 4, 8, 4]",right
5,8,"[0, 0, 0, 0, 4, 0, 0, 2, 4, 2, 0, 0, 2, 4, 8, 4]",left
6,16,"[8, 2, 8, 2, 2, 4, 0, 4, 0, 0, 0, 0, 0, 0, 0, 2]",up
7,24,"[8, 2, 8, 2, 0, 0, 2, 8, 0, 0, 0, 0, 0, 0, 2, 2]",right
8,28,"[8, 2, 8, 2, 2, 8, 2, 0, 0, 0, 0, 0, 4, 0, 0, 0]",left
9,28,"[0, 0, 0, 0, 8, 2, 0, 0, 2, 2, 8, 0, 4, 8, 2, 2]",down
10,36,"[0, 0, 0, 0, 0, 2, 8, 2, 0, 0, 4, 8, 0, 4, 8, 4]",right
11,36,"[0, 0, 0, 0, 2, 8, 2, 0, 4, 8, 2, 0, 4, 8, 4, 0]",left
12,36,"[0, 0, 0, 0, 0, 2, 8, 2, 4, 4, 8, 2, 0, 4, 8, 4]",right
13,60,"[4, 2, 16, 2, 0, 8, 8, 2, 0, 0, 0, 4, 0, 0, 2, 0]",up
1,0,"[2, 0, 0, 0, 0, 0, 0, 0, 2, 0, 0, 0, 0, 0, 0, 0]",up
2,0,"[0, 0, 0, 2, 0, 0, 0, 2, 0, 0, 0, 2, 0, 0, 0, 0]",right
3,0,"[2, 0, 0, 2, 2, 0, 0, 0, 2, 0, 0, 0, 0, 0, 0, 0]",left
4,4,"[4, 4, 0, 2, 2, 0, 0, 0, 0, 0, 0, 0, 0, 0, 0, 0]",up
5,12,"[0, 0, 8, 2, 0, 2, 0, 2, 0, 0, 0, 0, 0, 0, 0, 0]",right
6,16,"[8, 2, 4, 0, 4, 0, 0, 0, 0, 0, 0, 0, 0, 0, 0, 0]",left
7,16,"[0, 8, 2, 4, 0, 0, 0, 4, 0, 0, 0, 0, 0, 0, 2, 0]",right
8,16,"[8, 2, 4, 0, 4, 0, 2, 0, 0, 0, 0, 0, 2, 0, 0, 0]",left
9,16,"[2, 8, 2, 4, 0, 0, 4, 2, 0, 0, 0, 0, 0, 0, 0, 2]",right
10,16,"[2, 8, 2, 4, 4, 2, 0, 0, 0, 2, 0, 0, 2, 0, 0, 0]",left
11,20,"[2, 8, 2, 4, 4, 4, 0, 0, 2, 0, 0, 0, 0, 0, 4, 0]",up
12,28,"[2, 8, 2, 4, 0, 2, 0, 8, 0, 0, 0, 2, 0, 0, 0, 4]",right
13,28,"[2, 8, 2, 4, 2, 8, 0, 2, 2, 0, 0, 0, 4, 0, 0, 0]",left
14,48,"[0, 0, 0, 0, 4, 0, 2, 0, 2, 0, 0, 4, 4, 16, 2, 2]",down
15,52,"[0, 0, 0, 0, 0, 0, 4, 2, 0, 2, 2, 4, 0, 4, 16, 4]",right
16,56,"[0, 0, 0, 0, 4, 2, 0, 2, 4, 4, 0, 0, 4, 16, 4, 0]",left
17,68,"[0, 2, 0, 0, 0, 0, 4, 4, 0, 0, 0, 8, 0, 4, 16, 4]",right
18,68,"[0, 2, 4, 4, 0, 4, 16, 8, 0, 0, 0, 4, 2, 0, 0, 0]",up
19,76,"[2, 0, 2, 8, 0, 4, 16, 8, 0, 0, 0, 4, 0, 0, 0, 2]",right
20,80,"[4, 8, 2, 0, 4, 16, 8, 0, 4, 0, 0, 0, 2, 0, 0, 0]",left
21,88,"[0, 0, 0, 4, 8, 0, 0, 0, 4, 8, 2, 0, 2, 16, 8, 0]",down
1,0,"[0, 0, 0, 0, 0, 0, 0, 0, 0, 0, 0, 0, 2, 2, 0, 0]",left
2,0,"[2, 2, 0, 0, 0, 0, 0, 0, 0, 0, 0, 0, 0, 0, 2, 0]",up
3,4,"[0, 0, 0, 4, 0, 2, 0, 0, 0, 0, 0, 0, 0, 0, 0, 2]",right
4,4,"[4, 0, 0, 0, 2, 0, 0, 2, 0, 0, 0, 0, 2, 0, 0, 0]",left
5,8,"[4, 0, 0, 2, 4, 0, 0, 0, 0, 0, 0, 2, 0, 0, 0, 0]",up
6,8,"[0, 0, 4, 2, 0, 0, 0, 4, 0, 0, 0, 2, 0, 0, 2, 0]",right
7,8,"[4, 2, 0, 0, 4, 0, 0, 0, 2, 0, 2, 0, 2, 0, 0, 0]",left
8,20,"[0, 0, 0, 0, 0, 0, 0, 2, 8, 0, 0, 0, 4, 2, 2, 0]",down
9,24,"[0, 0, 2, 0, 0, 0, 0, 2, 0, 0, 0, 8, 0, 0, 4, 4]",right
10,32,"[2, 0, 0, 0, 2, 0, 0, 0, 8, 0, 2, 0, 8, 0, 0, 0]",left
11,52,"[4, 0, 2, 0, 16, 0, 0, 2, 0, 0, 0, 0, 0, 0, 0, 0]",up
12,52,"[0, 2, 4, 2, 0, 0, 16, 2, 0, 0, 0, 0, 0, 0, 0, 0]",right
13,52,"[2, 4, 2, 0, 16, 2, 0, 0, 0, 0, 2, 0, 0, 0, 0, 0]",left
14,56,"[0, 0, 0, 0, 0, 0, 0, 0, 2, 4, 0, 2, 16, 2, 4, 0]",down
15,56,"[0, 0, 2, 0, 0, 0, 0, 0, 0, 2, 4, 2, 0, 16, 2, 4]",right
16,56,"[2, 0, 0, 0, 0, 0, 2, 0, 2, 4, 2, 0, 16, 2, 4, 0]",left
17,64,"[4, 4, 4, 0, 16, 2, 4, 0, 0, 0, 0, 0, 0, 0, 0, 2]",up
18,72,"[0, 0, 4, 8, 0, 16, 2, 4, 0, 2, 0, 0, 0, 0, 0, 2]",right
19,72,"[4, 8, 0, 0, 16, 2, 4, 0, 2, 0, 0, 0, 2, 0, 2, 0]",left
20,76,"[0, 0, 0, 0, 4, 0, 0, 2, 16, 8, 4, 0, 4, 2, 2, 0]",down
21,80,"[0, 0, 0, 0, 2, 0, 4, 2, 0, 16, 8, 4, 0, 0, 4, 4]",right
22,88,"[0, 0, 0, 4, 2, 4, 2, 0, 16, 8, 4, 0, 8, 0, 0, 0]",left
23,88,"[2, 4, 2, 4, 16, 8, 4, 0, 8, 0, 0, 0, 2, 0, 0, 0]",up
1,0,"[2, 4, 2, 4, 0, 16, 8, 4, 2, 0, 8, 2, 0, 0, 0, 2]",right
2,0,"[2, 4, 2, 4, 16, 8, 4, 0, 2, 8, 2, 0, 2, 0, 0, 2]",left
3,4,"[0, 0, 0, 0, 2, 4, 2, 2, 16, 8, 4, 4, 4, 8, 2, 2]",down
4,20,"[0, 0, 0, 0, 0, 2, 4, 4, 0, 16, 8, 8, 2, 4, 8, 4]",right
5,36,"[2, 2, 4, 4, 0, 16, 16, 8, 0, 4, 0, 4, 0, 0, 2, 0]",up
6,56,"[4, 8, 0, 0, 16, 16, 8, 2, 8, 0, 0, 0, 2, 0, 0, 0]",left
1,0,"[0, 0, 0, 0, 0, 0, 0, 0, 0, 0, 0, 2, 0, 2, 0, 0]",right
2,0,"[0, 2, 0, 0, 0, 0, 0, 0, 2, 0, 0, 0, 2, 0, 0, 0]",left
3,4,"[4, 2, 0, 0, 2, 0, 0, 0, 0, 0, 0, 0, 0, 0, 0, 0]",up
4,4,"[0, 0, 4, 2, 0, 2, 0, 2, 0, 0, 0, 0, 0, 0, 0, 0]",right
5,8,"[4, 2, 0, 0, 4, 0, 0, 0, 0, 0, 0, 0, 0, 0, 0, 2]",left
6,8,"[0, 0, 4, 2, 2, 0, 0, 4, 0, 0, 0, 0, 0, 0, 0, 2]",right
7,8,"[0, 0, 0, 0, 2, 0, 0, 2, 0, 0, 0, 4, 2, 0, 4, 2]",down
8,12,"[0, 0, 0, 0, 4, 0, 0, 0, 4, 4, 0, 0, 2, 4, 2, 0]",left
9,28,"[8, 8, 2, 0, 2, 0, 0, 0, 0, 0, 0, 0, 2, 0, 0, 0]",up
10,44,"[0, 0, 16, 2, 0, 0, 0, 2, 0, 0, 0, 4, 0, 0, 0, 2]",right
11,56,"[0, 0, 0, 0, 0, 0, 0, 0, 0, 0, 2, 8, 0, 0, 16, 2]",down
12,56,"[0, 0, 0, 0, 0, 0, 0, 0, 2, 8, 0, 0, 16, 2, 0, 2]",left
13,60,"[0, 0, 0, 0, 0, 0, 0, 0, 4, 0, 2, 8, 0, 0, 16, 4]",right
14,60,"[4, 0, 2, 8, 0, 2, 16, 4, 0, 0, 0, 0, 0, 0, 0, 0]",up
15,60,"[0, 4, 2, 8, 0, 2, 16, 4, 0, 0, 0, 2, 0, 0, 0, 0]",right
16,60,"[4, 2, 8, 2, 2, 16, 4, 0, 2, 0, 0, 0, 0, 0, 0, 0]",left
17,64,"[0, 0, 0, 0, 0, 0, 0, 2, 4, 2, 8, 0, 4, 16, 4, 2]",down
18,64,"[0, 2, 0, 0, 0, 0, 0, 2, 0, 4, 2, 8, 4, 16, 4, 2]",right
19,64,"[2, 0, 0, 0, 2, 0, 2, 0, 4, 2, 8, 0, 4, 16, 4, 2]",left
20,68,"[2, 0, 0, 2, 0, 0, 0, 4, 0, 4, 2, 8, 4, 16, 4, 2]",right
21,68,"[0, 2, 0, 2, 0, 0, 0, 4, 2, 4, 2, 8, 4, 16, 4, 2]",down
22,72,"[0, 2, 0, 4, 0, 0, 0, 4, 2, 4, 2, 8, 4, 16, 4, 2]",right
23,80,"[2, 2, 2, 8, 4, 4, 4, 8, 0, 16, 0, 2, 0, 2, 0, 0]",up
24,92,"[4, 2, 8, 0, 8, 4, 8, 0, 16, 2, 0, 0, 2, 0, 0, 2]",left
1,8,"[4, 2, 8, 2, 8, 4, 8, 2, 0, 0, 16, 4, 0, 2, 0, 4]",right
2,8,"[4, 2, 8, 2, 8, 4, 8, 2, 16, 4, 0, 2, 2, 4, 0, 0]",left
3,20,"[4, 2, 8, 4, 8, 8, 8, 2, 16, 4, 0, 0, 2, 0, 2, 0]",up
4,40,"[4, 2, 8, 4, 0, 8, 16, 2, 0, 0, 16, 4, 0, 0, 2, 4]",right
5,40,"[4, 2, 8, 4, 8, 16, 2, 0, 16, 4, 0, 2, 2, 4, 0, 0]",left
6,48,"[4, 0, 2, 0, 8, 2, 0, 0, 16, 16, 8, 4, 2, 8, 2, 2]",down
7,84,"[0, 0, 4, 2, 0, 0, 8, 2, 0, 32, 8, 4, 2, 2, 8, 4]",right
8,108,"[0, 0, 0, 2, 0, 0, 4, 2, 0, 32, 16, 2, 2, 2, 8, 8]",down
9,128,"[2, 0, 0, 0, 4, 2, 2, 0, 32, 16, 2, 0, 4, 16, 0, 0]",left
10,132,"[0, 0, 0, 2, 0, 0, 4, 4, 2, 32, 16, 2, 0, 0, 4, 16]",right
11,140,"[2, 0, 0, 0, 8, 0, 4, 0, 2, 32, 16, 2, 4, 16, 0, 0]",left
12,140,"[2, 32, 4, 2, 8, 16, 16, 0, 2, 0, 0, 0, 4, 0, 0, 4]",up
13,180,"[2, 32, 4, 2, 0, 0, 8, 32, 0, 0, 0, 2, 0, 2, 0, 8]",right
14,180,"[0, 0, 0, 2, 0, 0, 0, 32, 2, 32, 4, 2, 2, 2, 8, 8]",down
15,200,"[2, 0, 2, 0, 32, 0, 0, 0, 2, 32, 4, 2, 4, 16, 0, 0]",left
16,204,"[0, 0, 2, 4, 0, 0, 0, 32, 2, 32, 4, 2, 0, 0, 4, 16]",right
17,212,"[2, 32, 2, 4, 0, 0, 8, 32, 0, 0, 0, 2, 0, 0, 2, 16]",up
18,212,"[2, 32, 2, 4, 8, 32, 0, 0, 2, 0, 0, 0, 2, 16, 2, 0]",left
19,284,"[2, 64, 4, 4, 8, 16, 0, 0, 4, 2, 0, 0, 0, 0, 0, 0]",up
20,292,"[0, 2, 64, 8, 0, 0, 8, 16, 2, 0, 4, 2, 0, 0, 0, 0]",right
21,292,"[2, 64, 8, 0, 8, 16, 0, 0, 2, 4, 2, 0, 0, 0, 2, 0]",left
22,296,"[0, 0, 0, 0, 2, 64, 0, 0, 8, 16, 8, 0, 2, 4, 4, 4]",down
23,304,"[0, 0, 2, 0, 0, 0, 2, 64, 0, 8, 16, 8, 0, 2, 4, 8]",right
24,304,"[2, 0, 2, 0, 2, 64, 0, 0, 8, 16, 8, 0, 2, 4, 8, 0]",left
25,324,"[4, 64, 2, 0, 8, 16, 16, 0, 2, 4, 2, 0, 0, 0, 0, 0]",up
26,356,"[0, 4, 64, 2, 0, 0, 8, 32, 0, 2, 4, 2, 0, 0, 2, 0]",right
27,356,"[0, 2, 64, 0, 0, 0, 8, 2, 0, 4, 4, 32, 0, 2, 2, 2]",down
28,356,"[0, 0, 64, 2, 0, 2, 8, 2, 0, 4, 4, 32, 0, 2, 2, 2]",down
29,360,"[0, 0, 64, 0, 2, 2, 8, 4, 0, 4, 4, 32, 0, 2, 2, 2]",down
30,360,"[0, 2, 64, 0, 0, 2, 8, 4, 0, 4, 4, 32, 2, 2, 2, 2]",down
31,372,"[0, 0, 64, 2, 0, 0, 8, 4, 0, 8, 4, 32, 2, 2, 2, 2]",down
1,0,"[0, 0, 0, 2, 0, 0, 0, 0, 0, 2, 0, 0, 0, 0, 0, 0]",up
2,0,"[0, 0, 0, 0, 0, 0, 0, 2, 0, 0, 0, 0, 0, 2, 0, 2]",down
3,4,"[4, 0, 0, 0, 2, 0, 0, 0, 0, 0, 0, 0, 4, 0, 0, 0]",left
4,4,"[0, 0, 0, 4, 2, 0, 0, 2, 0, 0, 0, 0, 0, 0, 0, 4]",right
5,4,"[0, 0, 0, 0, 0, 0, 0, 4, 0, 0, 2, 2, 2, 0, 0, 4]",down
6,8,"[0, 0, 0, 2, 4, 0, 0, 0, 4, 0, 0, 0, 2, 4, 0, 0]",left
7,8,"[0, 0, 0, 2, 0, 0, 2, 4, 0, 0, 0, 4, 0, 0, 2, 4]",right
8,20,"[0, 0, 4, 2, 0, 0, 0, 8, 2, 0, 0, 4, 0, 0, 0, 0]",up
9,20,"[0, 0, 4, 2, 0, 0, 0, 8, 0, 0, 2, 4, 0, 0, 0, 2]",right
10,20,"[0, 2, 0, 2, 0, 0, 0, 8, 0, 0, 4, 4, 0, 0, 2, 2]",down
11,36,"[4, 0, 4, 0, 8, 0, 0, 0, 8, 0, 0, 0, 4, 0, 0, 0]",left
12,44,"[0, 0, 0, 8, 0, 0, 0, 8, 0, 0, 0, 8, 0, 0, 2, 4]",right
13,44,"[8, 0, 0, 0, 8, 0, 0, 0, 8, 2, 0, 0, 2, 4, 0, 0]",left
14,60,"[0, 2, 0, 0, 16, 0, 0, 0, 8, 2, 0, 0, 2, 4, 0, 0]",down
15,60,"[2, 0, 0, 2, 0, 0, 0, 16, 0, 0, 8, 2, 0, 0, 2, 4]",right
16,60,"[0, 0, 2, 2, 0, 0, 0, 16, 0, 0, 8, 2, 2, 0, 2, 4]",down
17,64,"[4, 0, 0, 0, 16, 0, 0, 2, 8, 2, 0, 0, 2, 2, 4, 0]",left
18,68,"[0, 0, 0, 4, 0, 0, 16, 2, 0, 0, 8, 2, 2, 0, 4, 4]",right
19,76,"[4, 0, 2, 0, 16, 2, 0, 0, 8, 2, 0, 0, 2, 8, 0, 0]",left
20,80,"[4, 4, 2, 0, 16, 8, 0, 0, 8, 2, 0, 0, 2, 0, 0, 0]",up
21,88,"[0, 0, 8, 2, 4, 0, 16, 8, 0, 0, 8, 2, 0, 0, 0, 2]",right
1,12,"[8, 2, 8, 2, 0, 0, 16, 8, 0, 0, 8, 4, 0, 0, 0, 0]",up
2,12,"[8, 2, 8, 2, 16, 8, 0, 0, 8, 4, 2, 0, 0, 0, 0, 0]",left
3,12,"[8, 2, 8, 2, 0, 2, 16, 8, 0, 8, 4, 2, 0, 0, 0, 0]",right
4,16,"[0, 0, 0, 0, 0, 0, 8, 2, 2, 4, 16, 8, 8, 8, 4, 2]",down
5,32,"[2, 0, 0, 0, 8, 2, 0, 0, 2, 4, 16, 8, 16, 4, 2, 0]",left
6,32,"[0, 0, 0, 2, 0, 0, 8, 2, 2, 4, 16, 8, 2, 16, 4, 2]",right
7,32,"[2, 4, 0, 0, 8, 2, 0, 0, 2, 4, 16, 8, 2, 16, 4, 2]",left
8,36,"[0, 4, 0, 0, 2, 2, 0, 2, 8, 4, 16, 8, 4, 16, 4, 2]",down
9,40,"[0, 2, 0, 4, 0, 0, 2, 4, 8, 4, 16, 8, 4, 16, 4, 2]",right
10,48,"[8, 2, 2, 8, 4, 4, 16, 8, 2, 16, 4, 2, 0, 0, 0, 0]",up
11,60,"[2, 8, 4, 8, 0, 8, 16, 8, 2, 16, 4, 2, 0, 0, 0, 0]",right
12,112,"[0, 0, 0, 2, 0, 0, 4, 8, 0, 0, 16, 8, 4, 32, 4, 2]",down
1,0,"[2, 0, 0, 0, 0, 0, 0, 2, 0, 0, 0, 0, 0, 0, 0, 0]",up
2,0,"[0, 0, 0, 2, 0, 0, 0, 2, 0, 0, 0, 0, 2, 0, 0, 0]",right
3,0,"[2, 0, 0, 0, 2, 0, 0, 0, 0, 0, 0, 0, 2, 0, 2, 0]",left
4,4,"[0, 0, 2, 2, 0, 0, 0, 2, 0, 0, 0, 0, 0, 0, 0, 4]",right
5,16,"[0, 0, 0, 0, 0, 0, 0, 0, 0, 0, 0, 0, 2, 0, 2, 8]",down
6,20,"[0, 0, 0, 2, 0, 0, 0, 0, 0, 0, 0, 0, 0, 0, 4, 8]",right
7,20,"[2, 0, 4, 2, 0, 0, 0, 8, 0, 0, 0, 0, 0, 0, 0, 0]",up
1,0,"[2, 4, 2, 0, 8, 0, 0, 0, 0, 0, 0, 2, 0, 0, 0, 0]",left
2,0,"[2, 4, 2, 2, 8, 0, 0, 0, 0, 0, 0, 0, 2, 0, 0, 0]",up
3,4,"[0, 2, 4, 4, 0, 4, 0, 8, 0, 0, 0, 0, 0, 0, 0, 2]",right
4,4,"[2, 0, 0, 0, 0, 0, 0, 4, 0, 2, 0, 8, 0, 4, 4, 2]",down
5,12,"[2, 0, 0, 2, 4, 0, 0, 0, 2, 8, 0, 0, 8, 2, 0, 0]",left
6,16,"[0, 0, 0, 4, 0, 0, 0, 4, 0, 2, 2, 8, 0, 0, 8, 2]",right
7,20,"[4, 0, 0, 0, 4, 0, 0, 0, 4, 8, 2, 0, 8, 2, 0, 0]",left
8,28,"[8, 8, 2, 0, 4, 2, 0, 0, 8, 0, 0, 0, 0, 2, 0, 0]",up
1,16,"[0, 0, 16, 2, 2, 0, 4, 2, 0, 0, 0, 8, 0, 0, 0, 2]",right
2,16,"[16, 2, 4, 0, 2, 4, 2, 0, 8, 0, 0, 0, 2, 0, 0, 0]",left
1,0,"[2, 0, 0, 0, 0, 0, 0, 0, 0, 0, 2, 0, 0, 0, 0, 0]",up
2,0,"[2, 0, 0, 0, 0, 0, 0, 0, 2, 0, 0, 0, 2, 0, 0, 0]",left
3,0,"[0, 0, 0, 2, 0, 0, 2, 0, 0, 0, 0, 2, 0, 0, 0, 2]",right
4,0,"[2, 0, 0, 0, 2, 0, 0, 0, 2, 0, 0, 0, 2, 0, 0, 2]",left
5,4,"[0, 0, 0, 2, 0, 0, 0, 2, 0, 0, 0, 2, 0, 0, 2, 4]",right
6,4,"[2, 0, 0, 0, 2, 0, 0, 0, 2, 0, 0, 2, 2, 4, 0, 0]",left
7,12,"[2, 0, 0, 0, 0, 0, 0, 0, 4, 0, 0, 0, 4, 4, 0, 2]",down
8,20,"[0, 0, 2, 2, 0, 0, 0, 0, 0, 0, 0, 4, 0, 0, 8, 2]",right
9,20,"[0, 0, 2, 2, 0, 0, 8, 4, 0, 0, 0, 2, 0, 0, 2, 0]",up
10,24,"[0, 0, 0, 4, 0, 0, 8, 4, 0, 2, 0, 2, 0, 0, 0, 2]",right
11,28,"[4, 0, 2, 0, 8, 4, 0, 0, 4, 0, 0, 0, 2, 0, 0, 0]",left
12,28,"[4, 2, 0, 0, 8, 0, 0, 0, 4, 0, 0, 0, 2, 4, 2, 0]",down
1,4,"[4, 2, 2, 4, 8, 4, 0, 0, 4, 0, 0, 4, 2, 0, 0, 0]",up
2,16,"[0, 4, 4, 4, 0, 2, 8, 4, 0, 0, 0, 8, 0, 0, 0, 2]",right
3,24,"[8, 4, 0, 0, 2, 8, 4, 0, 8, 0, 0, 0, 2, 0, 0, 2]",left
4,24,"[8, 0, 2, 0, 2, 0, 0, 0, 8, 4, 0, 0, 2, 8, 4, 2]",down
5,24,"[0, 0, 8, 2, 0, 0, 2, 2, 0, 0, 8, 4, 2, 8, 4, 2]",right
6,28,"[8, 2, 0, 0, 4, 0, 0, 0, 8, 4, 2, 0, 2, 8, 4, 2]",left
7,28,"[8, 2, 2, 2, 4, 4, 4, 0, 8, 8, 0, 0, 2, 2, 0, 0]",up
8,60,"[0, 8, 2, 4, 0, 0, 4, 8, 0, 0, 0, 16, 4, 0, 0, 4]",right
9,60,"[0, 0, 0, 4, 0, 0, 0, 8, 2, 0, 2, 16, 4, 8, 4, 4]",down
10,72,"[4, 0, 0, 0, 8, 0, 0, 2, 4, 16, 0, 0, 4, 8, 8, 0]",left
11,88,"[0, 0, 0, 4, 0, 2, 8, 2, 0, 0, 4, 16, 0, 0, 4, 16]",right
12,88,"[4, 0, 0, 0, 2, 8, 2, 0, 4, 16, 2, 0, 4, 16, 0, 0]",left
13,128,"[4, 8, 2, 0, 2, 32, 2, 0, 8, 2, 0, 0, 0, 0, 0, 0]",up
14,128,"[0, 4, 8, 2, 0, 2, 32, 2, 0, 2, 8, 2, 0, 0, 0, 0]",right
15,136,"[0, 4, 8, 4, 0, 4, 32, 2, 0, 0, 8, 0, 0, 2, 0, 0]",up
16,136,"[0, 4, 8, 4, 0, 4, 32, 2, 2, 0, 0, 8, 0, 0, 0, 2]",right
1,0,"[4, 8, 4, 0, 2, 4, 32, 2, 2, 8, 0, 0, 2, 2, 0, 0]",left
2,4,"[0, 4, 8, 4, 2, 4, 32, 2, 0, 0, 2, 8, 0, 2, 0, 4]",right
3,4,"[4, 8, 4, 2, 2, 4, 32, 2, 2, 8, 0, 0, 2, 4, 0, 0]",left
4,8,"[4, 8, 4, 2, 4, 4, 32, 2, 2, 8, 2, 0, 0, 4, 0, 0]",up
5,16,"[4, 8, 4, 2, 0, 8, 32, 2, 0, 2, 8, 2, 0, 0, 2, 4]",right
6,16,"[4, 8, 4, 2, 8, 32, 2, 4, 2, 8, 2, 0, 2, 4, 0, 0]",left
7,20,"[0, 8, 4, 0, 4, 32, 4, 0, 8, 8, 2, 2, 4, 4, 2, 4]",down
8,48,"[2, 0, 8, 4, 0, 4, 32, 4, 0, 0, 16, 4, 0, 8, 2, 4]",right
9,64,"[2, 4, 8, 8, 0, 8, 32, 8, 0, 0, 16, 0, 2, 0, 2, 0]",up
10,84,"[0, 2, 4, 16, 0, 8, 32, 8, 0, 0, 0, 16, 0, 2, 0, 4]",right
11,84,"[2, 4, 16, 4, 8, 32, 8, 0, 16, 0, 0, 0, 2, 4, 0, 0]",left
12,84,"[2, 0, 0, 0, 8, 4, 0, 0, 16, 32, 16, 2, 2, 4, 8, 4]",down
13,84,"[0, 0, 0, 2, 0, 2, 8, 4, 16, 32, 16, 2, 2, 4, 8, 4]",right
14,84,"[2, 0, 0, 0, 2, 8, 4, 2, 16, 32, 16, 2, 2, 4, 8, 4]",left
15,92,"[4, 8, 4, 4, 16, 32, 16, 4, 2, 4, 8, 2, 0, 0, 0, 0]",up
16,100,"[0, 4, 8, 8, 16, 32, 16, 4, 2, 4, 8, 2, 0, 0, 0, 4]",right
17,100,"[2, 0, 0, 8, 0, 4, 8, 4, 16, 32, 16, 2, 2, 4, 8, 4]",down
18,100,"[0, 2, 2, 8, 0, 4, 8, 4, 16, 32, 16, 2, 2, 4, 8, 4]",right
19,100,"[16, 2, 2, 8, 2, 4, 8, 4, 2, 32, 16, 2, 0, 4, 8, 4]",up
20,104,"[0, 16, 4, 8, 2, 4, 8, 4, 2, 32, 16, 2, 2, 4, 8, 4]",right
21,108,"[4, 16, 4, 8, 2, 4, 8, 4, 2, 32, 16, 2, 0, 4, 8, 4]",up
1,0,"[0, 2, 0, 0, 0, 0, 2, 0, 0, 0, 0, 0, 0, 0, 0, 0]",up
2,0,"[0, 0, 0, 2, 2, 0, 0, 2, 0, 0, 0, 0, 0, 0, 0, 0]",right
3,4,"[2, 0, 0, 0, 4, 2, 0, 0, 0, 0, 0, 0, 0, 0, 0, 0]",left
4,4,"[0, 0, 2, 2, 0, 0, 4, 2, 0, 0, 0, 0, 0, 0, 0, 0]",right
5,8,"[4, 0, 0, 0, 4, 2, 0, 0, 0, 0, 0, 0, 0, 2, 0, 0]",left
6,20,"[0, 4, 0, 0, 0, 0, 0, 0, 0, 0, 0, 0, 8, 4, 0, 0]",down
7,20,"[0, 0, 0, 4, 0, 2, 0, 0, 0, 0, 0, 0, 0, 0, 8, 4]",right
8,28,"[2, 2, 8, 8, 0, 0, 0, 0, 0, 0, 0, 0, 0, 0, 0, 0]",up
9,48,"[4, 16, 0, 2, 0, 0, 0, 0, 0, 0, 0, 0, 0, 0, 0, 0]",left
10,48,"[0, 0, 0, 0, 0, 2, 0, 0, 0, 0, 0, 0, 4, 16, 0, 2]",down
11,48,"[0, 0, 0, 0, 0, 0, 0, 2, 0, 0, 0, 2, 0, 4, 16, 2]",right
12,48,"[0, 0, 0, 0, 2, 0, 0, 0, 2, 0, 0, 4, 4, 16, 2, 0]",left
13,52,"[4, 16, 2, 4, 4, 0, 0, 0, 2, 0, 0, 0, 0, 0, 0, 0]",up
14,52,"[4, 16, 2, 4, 0, 0, 0, 4, 2, 0, 0, 2, 0, 0, 0, 0]",right
15,56,"[4, 16, 2, 4, 0, 0, 0, 4, 0, 0, 0, 4, 0, 0, 0, 2]",right
16,56,"[4, 16, 2, 4, 4, 0, 4, 0, 4, 0, 0, 0, 2, 0, 0, 0]",left
1,12,"[4, 16, 2, 4, 8, 0, 0, 0, 4, 0, 0, 2, 4, 0, 0, 0]",left
2,20,"[4, 16, 2, 4, 8, 0, 0, 2, 8, 0, 0, 2, 0, 0, 0, 0]",up
3,20,"[4, 16, 2, 4, 2, 0, 8, 2, 0, 0, 8, 2, 0, 0, 0, 0]",right
4,20,"[4, 16, 2, 4, 2, 8, 2, 0, 8, 2, 0, 2, 0, 0, 0, 0]",left
5,24,"[0, 2, 0, 0, 4, 16, 0, 0, 2, 8, 0, 4, 8, 2, 4, 2]",down
6,24,"[0, 0, 0, 2, 0, 2, 4, 16, 0, 2, 8, 4, 8, 2, 4, 2]",right
7,24,"[2, 0, 2, 0, 2, 4, 16, 0, 2, 8, 4, 0, 8, 2, 4, 2]",left
8,36,"[0, 0, 0, 0, 4, 4, 2, 0, 2, 8, 16, 2, 8, 2, 8, 2]",down
9,44,"[0, 2, 0, 0, 8, 2, 0, 0, 2, 8, 16, 2, 8, 2, 8, 2]",left
10,44,"[2, 0, 0, 2, 0, 0, 8, 2, 2, 8, 16, 2, 8, 2, 8, 2]",right
1,0,"[0, 0, 0, 2, 0, 0, 0, 0, 0, 2, 0, 0, 0, 0, 0, 0]",right
2,0,"[2, 0, 0, 0, 0, 0, 0, 0, 2, 0, 0, 0, 0, 2, 0, 0]",left
3,0,"[0, 0, 0, 2, 0, 0, 0, 2, 0, 0, 0, 2, 0, 0, 0, 2]",right
4,8,"[0, 0, 0, 0, 0, 0, 0, 0, 0, 0, 0, 4, 0, 2, 0, 4]",down
5,8,"[0, 0, 0, 0, 0, 0, 0, 0, 4, 2, 0, 0, 2, 4, 0, 0]",left
6,8,"[0, 0, 0, 0, 2, 0, 0, 0, 0, 0, 4, 2, 0, 0, 2, 4]",right
7,8,"[2, 2, 4, 2, 0, 0, 2, 4, 0, 0, 0, 0, 0, 0, 0, 0]",up
8,12,"[4, 4, 2, 0, 2, 4, 2, 0, 0, 0, 0, 0, 0, 0, 0, 0]",left
9,20,"[0, 0, 8, 2, 0, 2, 4, 2, 0, 0, 0, 4, 0, 0, 0, 0]",right
10,20,"[8, 2, 0, 0, 2, 4, 2, 0, 4, 0, 0, 0, 2, 0, 0, 0]",left
11,20,"[8, 0, 0, 0, 2, 0, 0, 0, 4, 2, 0, 2, 2, 4, 2, 0]",down
12,24,"[8, 0, 0, 0, 2, 0, 0, 0, 4, 4, 0, 0, 2, 4, 2, 2]",left
13,36,"[0, 0, 2, 8, 0, 0, 0, 2, 0, 0, 0, 8, 0, 2, 4, 4]",right
14,36,"[2, 2, 2, 8, 0, 0, 4, 2, 0, 0, 0, 8, 0, 0, 0, 4]",up
1,0,"[2, 0, 0, 0, 0, 0, 0, 0, 0, 0, 4, 0, 0, 0, 0, 0]",up
2,0,"[2, 0, 0, 2, 0, 0, 0, 0, 0, 0, 0, 4, 0, 0, 0, 0]",right
3,4,"[4, 0, 0, 0, 0, 0, 0, 0, 4, 0, 0, 0, 0, 2, 0, 0]",left
4,12,"[0, 0, 0, 0, 0, 0, 0, 0, 0, 0, 2, 0, 8, 2, 0, 0]",down
5,12,"[0, 0, 0, 0, 0, 0, 0, 0, 2, 2, 0, 0, 8, 2, 0, 0]",left
6,16,"[0, 0, 0, 0, 0, 0, 0, 0, 0, 0, 2, 4, 0, 0, 8, 2]",right
7,16,"[0, 0, 2, 4, 0, 0, 8, 2, 2, 0, 0, 0, 0, 0, 0, 0]",up
8,16,"[0, 0, 2, 4, 0, 0, 8, 2, 4, 0, 0, 2, 0, 0, 0, 0]",right
9,16,"[2, 4, 0, 0, 8, 2, 0, 0, 4, 2, 0, 2, 0, 0, 0, 0]",left
10,20,"[0, 0, 2, 4, 0, 0, 8, 2, 0, 2, 4, 4, 0, 0, 0, 0]",right
11,20,"[0, 2, 2, 4, 0, 0, 8, 2, 0, 0, 4, 4, 2, 0, 0, 0]",up
12,32,"[4, 4, 0, 0, 8, 2, 0, 2, 8, 0, 0, 0, 2, 0, 0, 0]",left
1,16,"[0, 0, 2, 0, 4, 0, 0, 0, 16, 4, 0, 0, 2, 2, 2, 2]",down
1,0,"[0, 0, 0, 0, 0, 0, 0, 0, 2, 0, 0, 0, 0, 2, 0, 0]",left
2,0,"[2, 2, 0, 0, 0, 0, 0, 0, 0, 0, 0, 2, 0, 0, 0, 0]",up
3,4,"[0, 0, 0, 4, 0, 2, 0, 0, 0, 0, 0, 2, 0, 0, 0, 0]",right
4,4,"[4, 2, 0, 0, 2, 0, 0, 0, 2, 0, 0, 0, 0, 0, 0, 0]",left
5,8,"[0, 0, 0, 0, 0, 0, 2, 0, 4, 0, 0, 0, 4, 2, 0, 0]",down
6,8,"[0, 2, 0, 0, 0, 0, 0, 2, 0, 0, 0, 4, 0, 0, 4, 2]",right
7,8,"[2, 0, 0, 0, 2, 0, 2, 0, 4, 0, 0, 0, 4, 2, 0, 0]",left
8,12,"[0, 0, 0, 2, 0, 0, 0, 4, 0, 2, 0, 4, 0, 0, 4, 2]",right
9,20,"[0, 0, 0, 0, 0, 0, 2, 2, 0, 0, 0, 8, 0, 2, 4, 2]",down
10,20,"[0, 2, 2, 2, 0, 0, 4, 8, 2, 0, 0, 2, 0, 0, 0, 0]",up
11,28,"[0, 0, 2, 4, 0, 0, 4, 8, 4, 0, 0, 4, 0, 0, 0, 0]",right
12,36,"[2, 4, 0, 2, 4, 8, 0, 0, 8, 0, 0, 0, 0, 0, 0, 0]",left
13,36,"[0, 0, 0, 2, 2, 0, 0, 0, 4, 4, 0, 0, 8, 8, 0, 2]",down
1,0,"[0, 0, 0, 2, 0, 0, 0, 0, 0, 0, 2, 0, 0, 0, 0, 0]",up
2,0,"[0, 0, 0, 2, 0, 0, 0, 0, 0, 0, 2, 2, 0, 0, 0, 0]",right
3,4,"[2, 0, 0, 2, 0, 0, 0, 0, 4, 0, 0, 0, 0, 0, 0, 0]",left
4,4,"[0, 0, 0, 0, 0, 0, 0, 0, 2, 0, 2, 0, 4, 0, 0, 2]",down
5,8,"[0, 0, 0, 0, 2, 0, 0, 0, 0, 0, 0, 4, 0, 0, 4, 2]",right
6,8,"[0, 0, 0, 0, 2, 0, 0, 0, 4, 0, 2, 0, 4, 2, 0, 0]",left
7,8,"[0, 0, 0, 2, 0, 0, 0, 2, 0, 0, 4, 2, 0, 0, 4, 2]",right
8,24,"[0, 0, 8, 4, 0, 0, 0, 4, 0, 0, 0, 0, 2, 0, 0, 0]",up
9,32,"[0, 2, 0, 0, 0, 0, 0, 0, 0, 0, 0, 0, 2, 0, 8, 8]",down
1,0,"[0, 0, 0, 0, 0, 0, 0, 2, 0, 2, 0, 0, 0, 0, 0, 0]",right
2,0,"[0, 0, 0, 0, 2, 0, 0, 0, 2, 0, 2, 0, 0, 0, 0, 0]",left
3,4,"[4, 0, 2, 0, 0, 0, 2, 0, 0, 0, 0, 0, 0, 0, 0, 0]",up
4,4,"[0, 0, 4, 2, 0, 0, 0, 2, 0, 2, 0, 0, 0, 0, 0, 0]",right
5,4,"[4, 2, 0, 2, 2, 0, 0, 0, 2, 0, 0, 0, 0, 0, 0, 0]",left
6,8,"[0, 0, 0, 0, 2, 0, 0, 0, 4, 0, 0, 0, 4, 2, 0, 2]",down
7,12,"[0, 2, 0, 0, 0, 0, 0, 2, 0, 0, 0, 4, 0, 0, 4, 4]",right
8,20,"[0, 2, 4, 2, 0, 0, 2, 8, 0, 0, 0, 0, 0, 0, 0, 0]",up
1,0,"[2, 0, 0, 0, 0, 0, 0, 0, 0, 0, 0, 0, 0, 4, 0, 0]",left
2,0,"[0, 2, 0, 0, 0, 0, 0, 0, 0, 0, 0, 0, 2, 4, 0, 0]",down
3,0,"[0, 4, 0, 2, 0, 0, 0, 0, 0, 0, 0, 0, 0, 0, 2, 4]",right
4,0,"[4, 2, 0, 0, 0, 0, 0, 0, 0, 2, 0, 0, 2, 4, 0, 0]",left
5,4,"[4, 4, 0, 0, 2, 4, 0, 0, 0, 0, 0, 0, 0, 0, 2, 0]",up
6,12,"[0, 0, 2, 8, 0, 0, 2, 4, 0, 0, 0, 0, 0, 0, 0, 2]",right
7,16,"[0, 0, 0, 0, 0, 0, 0, 8, 2, 0, 0, 4, 0, 0, 4, 2]",down
8,16,"[0, 0, 0, 0, 8, 0, 0, 0, 2, 4, 0, 0, 4, 2, 0, 2]",left
9,20,"[0, 0, 2, 0, 0, 0, 0, 8, 0, 0, 2, 4, 0, 0, 4, 4]",right
10,32,"[0, 0, 4, 8, 0, 0, 4, 8, 0, 0, 0, 0, 0, 2, 0, 0]",up
11,32,"[0, 0, 4, 8, 0, 0, 4, 8, 0, 0, 0, 2, 0, 0, 0, 2]",right
12,32,"[4, 8, 0, 0, 4, 8, 2, 0, 2, 0, 0, 0, 2, 0, 0, 0]",left
13,60,"[0, 0, 0, 2, 0, 0, 0, 0, 8, 0, 0, 0, 4, 16, 2, 0]",down
14,60,"[0, 0, 0, 2, 0, 0, 0, 2, 0, 0, 0, 8, 0, 4, 16, 2]",right
15,60,"[2, 0, 0, 0, 2, 0, 0, 0, 8, 2, 0, 0, 4, 16, 2, 0]",left
16,64,"[4, 2, 2, 0, 8, 16, 0, 2, 4, 0, 0, 0, 0, 0, 0, 0]",up
17,68,"[0, 0, 4, 4, 0, 8, 16, 2, 0, 2, 0, 4, 0, 0, 0, 0]",right
18,68,"[0, 0, 2, 0, 0, 0, 0, 4, 0, 8, 4, 2, 0, 2, 16, 4]",down
19,68,"[2, 0, 0, 0, 4, 0, 2, 0, 8, 4, 2, 0, 2, 16, 4, 0]",left
20,68,"[0, 0, 2, 2, 0, 0, 4, 2, 0, 8, 4, 2, 0, 2, 16, 4]",right
21,72,"[4, 0, 0, 0, 4, 2, 0, 0, 8, 4, 2, 0, 2, 16, 4, 2]",left
22,96,"[0, 0, 4, 0, 0, 2, 0, 0, 16, 4, 2, 0, 2, 16, 4, 2]",down
23,96,"[4, 0, 0, 4, 0, 0, 0, 2, 0, 16, 4, 2, 2, 16, 4, 2]",right
24,140,"[4, 32, 8, 4, 2, 0, 0, 4, 2, 0, 0, 2, 0, 0, 0, 0]",up
25,144,"[4, 32, 8, 4, 0, 0, 2, 4, 0, 2, 0, 4, 0, 0, 0, 0]",right
1,0,"[0, 2, 2, 0, 0, 0, 0, 0, 0, 0, 0, 0, 0, 0, 0, 0]",up
2,4,"[0, 0, 2, 4, 0, 0, 0, 0, 0, 0, 0, 0, 0, 0, 0, 0]",right
3,4,"[2, 4, 0, 0, 0, 0, 0, 0, 0, 0, 0, 2, 0, 0, 0, 0]",left
4,4,"[0, 2, 0, 0, 0, 0, 0, 0, 0, 0, 0, 0, 2, 4, 0, 2]",down
5,4,"[0, 0, 0, 2, 0, 0, 0, 0, 2, 0, 0, 0, 0, 2, 4, 2]",right
6,4,"[2, 0, 0, 0, 0, 0, 0, 0, 2, 2, 0, 0, 2, 4, 2, 0]",left
7,8,"[2, 0, 0, 2, 0, 0, 0, 0, 0, 0, 0, 4, 0, 2, 4, 2]",right
8,8,"[2, 2, 4, 2, 0, 0, 0, 4, 0, 0, 0, 2, 0, 0, 2, 0]",up
9,12,"[4, 4, 2, 2, 4, 0, 0, 0, 2, 0, 0, 0, 2, 0, 0, 0]",left
10,24,"[0, 0, 4, 0, 0, 0, 0, 0, 8, 0, 0, 0, 4, 4, 2, 2]",down
11,36,"[0, 0, 4, 4, 0, 0, 0, 0, 0, 0, 0, 8, 0, 0, 8, 4]",right
1,0,"[0, 0, 0, 0, 2, 0, 0, 0, 0, 0, 0, 0, 0, 0, 0, 2]",left
2,0,"[0, 0, 0, 0, 0, 0, 0, 2, 0, 0, 0, 0, 0, 0, 2, 2]",right
3,4,"[0, 0, 0, 0, 2, 0, 0, 0, 0, 0, 0, 4, 4, 0, 0, 0]",left
4,4,"[0, 0, 0, 0, 2, 0, 0, 0, 2, 0, 0, 0, 4, 0, 0, 4]",down
5,12,"[0, 0, 0, 0, 0, 0, 0, 2, 0, 0, 0, 2, 0, 2, 0, 8]",right
6,12,"[0, 0, 0, 0, 2, 0, 0, 0, 2, 0, 0, 2, 2, 8, 0, 0]",left
7,16,"[0, 0, 0, 0, 0, 0, 0, 2, 2, 0, 0, 4, 0, 0, 2, 8]",right
8,16,"[0, 0, 0, 0, 0, 0, 0, 2, 0, 0, 0, 4, 2, 2, 2, 8]",down
1,0,"[0, 0, 2, 2, 0, 0, 0, 0, 0, 0, 0, 0, 0, 0, 0, 0]",right
2,0,"[0, 0, 0, 0, 0, 0, 0, 0, 2, 0, 0, 0, 0, 0, 2, 2]",down
3,4,"[4, 0, 0, 0, 0, 0, 0, 0, 2, 0, 0, 0, 4, 0, 0, 0]",left
4,4,"[4, 0, 0, 0, 2, 0, 0, 0, 4, 0, 0, 0, 0, 0, 2, 0]",up
5,4,"[0, 0, 0, 4, 0, 0, 0, 2, 0, 0, 0, 4, 2, 0, 0, 2]",right
6,8,"[4, 0, 0, 0, 2, 2, 0, 0, 4, 0, 0, 0, 4, 0, 0, 0]",left
7,12,"[0, 0, 0, 4, 0, 0, 2, 4, 0, 0, 0, 4, 0, 0, 0, 4]",right
8,28,"[0, 0, 2, 8, 0, 0, 0, 8, 0, 0, 0, 0, 0, 2, 0, 0]",up
9,28,"[2, 0, 2, 8, 0, 0, 0, 8, 0, 0, 0, 0, 0, 0, 0, 2]",right
10,32,"[4, 8, 0, 0, 8, 0, 0, 0, 0, 0, 2, 0, 2, 0, 0, 0]",left
11,32,"[0, 0, 0, 0, 4, 2, 0, 0, 8, 0, 0, 0, 2, 8, 2, 0]",down
12,32,"[4, 2, 2, 0, 8, 8, 0, 0, 2, 0, 2, 0, 0, 0, 0, 0]",up
13,56,"[0, 0, 4, 4, 0, 0, 0, 16, 0, 0, 0, 4, 0, 0, 2, 0]",right
14,56,"[0, 0, 0, 0, 2, 0, 0, 4, 0, 0, 4, 16, 0, 0, 2, 4]",down
15,56,"[0, 0, 0, 0, 0, 2, 2, 4, 0, 0, 4, 16, 0, 0, 2, 4]",right
16,60,"[0, 0, 0, 0, 4, 4, 2, 0, 4, 16, 0, 0, 2, 4, 0, 0]",left
17,68,"[8, 4, 2, 0, 2, 16, 0, 0, 0, 4, 0, 0, 0, 0, 0, 2]",up
18,68,"[2, 8, 4, 2, 0, 0, 2, 16, 0, 0, 0, 4, 0, 0, 0, 2]",right
19,68,"[2, 8, 4, 2, 2, 16, 0, 0, 4, 0, 0, 0, 2, 0, 0, 2]",left
20,84,"[0, 0, 2, 0, 0, 0, 0, 0, 8, 8, 0, 0, 2, 16, 4, 4]",down
21,84,"[0, 0, 0, 2, 0, 0, 0, 0, 8, 8, 2, 0, 2, 16, 4, 4]",down
22,108,"[0, 0, 0, 2, 0, 0, 0, 0, 0, 0, 16, 2, 2, 2, 16, 8]",right
23,140,"[2, 2, 32, 2, 2, 0, 0, 2, 0, 0, 0, 8, 0, 0, 0, 0]",up
1,0,"[0, 4, 0, 0, 0, 0, 0, 0, 0, 0, 0, 0, 0, 0, 0, 2]",down
2,0,"[4, 0, 0, 0, 0, 0, 0, 0, 0, 0, 2, 0, 2, 0, 0, 0]",left
3,0,"[0, 0, 0, 0, 0, 2, 0, 0, 4, 0, 0, 0, 2, 0, 2, 0]",down
4,4,"[0, 0, 0, 0, 0, 0, 0, 2, 0, 0, 0, 4, 0, 0, 4, 4]",right
5,12,"[0, 0, 0, 0, 0, 0, 2, 2, 0, 0, 0, 4, 0, 0, 0, 8]",right
6,16,"[0, 0, 0, 0, 2, 0, 0, 4, 0, 0, 0, 4, 0, 0, 0, 8]",right
7,40,"[0, 0, 0, 0, 0, 0, 0, 0, 0, 0, 2, 0, 2, 0, 0, 16]",down
8,40,"[0, 0, 0, 0, 0, 0, 0, 2, 0, 0, 0, 0, 2, 0, 2, 16]",down
1,0,"[0, 0, 0, 2, 2, 0, 0, 0, 0, 0, 0, 0, 0, 0, 0, 0]",right
2,0,"[0, 0, 0, 0, 0, 2, 0, 0, 0, 0, 0, 0, 2, 0, 0, 2]",down
3,4,"[0, 0, 0, 0, 0, 0, 0, 2, 0, 0, 0, 0, 0, 0, 4, 4]",right
4,4,"[0, 0, 0, 0, 0, 0, 0, 0, 0, 2, 0, 2, 0, 0, 4, 4]",down
5,16,"[0, 0, 2, 0, 0, 0, 0, 0, 0, 0, 0, 4, 0, 0, 0, 8]",right
6,16,"[0, 0, 0, 2, 0, 2, 0, 0, 0, 0, 0, 4, 0, 0, 0, 8]",right
7,16,"[0, 0, 0, 2, 0, 0, 0, 2, 2, 0, 0, 4, 0, 0, 0, 8]",right
8,44,"[0, 0, 0, 0, 0, 0, 0, 0, 0, 0, 2, 0, 2, 0, 0, 16]",down
1,0,"[2, 0, 0, 0, 0, 0, 0, 0, 2, 0, 0, 0, 0, 0, 0, 0]",left
2,4,"[0, 0, 0, 0, 0, 0, 0, 0, 0, 0, 0, 0, 4, 0, 0, 2]",down
3,4,"[0, 0, 0, 0, 2, 0, 0, 0, 0, 0, 0, 0, 0, 0, 4, 2]",right
4,4,"[0, 0, 0, 0, 2, 0, 0, 0, 2, 0, 0, 0, 4, 2, 0, 0]",left
5,8,"[4, 2, 0, 0, 4, 0, 0, 0, 0, 0, 0, 0, 2, 0, 0, 0]",up
6,8,"[0, 0, 4, 2, 0, 0, 0, 4, 0, 0, 0, 4, 0, 0, 0, 2]",right
7,8,"[4, 2, 0, 0, 4, 0, 0, 0, 4, 0, 0, 0, 2, 2, 0, 0]",left
8,20,"[0, 0, 0, 0, 8, 0, 0, 0, 4, 2, 0, 0, 2, 4, 0, 0]",down
9,20,"[0, 2, 0, 0, 0, 0, 0, 8, 0, 0, 4, 2, 0, 0, 2, 4]",right
10,20,"[0, 2, 4, 8, 0, 0, 2, 2, 2, 0, 0, 4, 0, 0, 0, 0]",up
11,24,"[0, 2, 4, 8, 0, 0, 0, 4, 0, 2, 2, 4, 0, 0, 0, 0]",right
12,36,"[0, 4, 4, 8, 2, 0, 2, 8, 0, 0, 0, 0, 0, 0, 0, 0]",up
13,52,"[2, 4, 4, 16, 0, 0, 2, 2, 0, 0, 0, 0, 0, 0, 0, 0]",up
14,64,"[0, 2, 8, 16, 0, 2, 0, 4, 0, 0, 0, 0, 0, 0, 0, 0]",right
15,68,"[2, 0, 0, 0, 0, 0, 0, 0, 0, 0, 0, 16, 0, 4, 8, 4]",down
16,68,"[2, 0, 0, 0, 0, 2, 0, 0, 16, 0, 0, 0, 4, 8, 4, 0]",left
17,68,"[0, 2, 0, 2, 0, 0, 0, 2, 0, 0, 0, 16, 0, 4, 8, 4]",right
18,72,"[0, 2, 8, 4, 0, 4, 2, 16, 0, 0, 0, 4, 0, 0, 0, 0]",up
19,72,"[2, 8, 4, 0, 4, 2, 16, 0, 4, 0, 0, 0, 0, 0, 0, 2]",left
20,80,"[2, 0, 0, 0, 0, 0, 0, 0, 2, 8, 4, 0, 8, 2, 16, 2]",down
21,80,"[0, 0, 0, 2, 0, 0, 0, 2, 0, 2, 8, 4, 8, 2, 16, 2]",right
22,88,"[8, 4, 8, 4, 2, 0, 16, 4, 0, 0, 0, 2, 0, 0, 0, 0]",up
23,88,"[8, 4, 8, 4, 0, 2, 16, 4, 0, 0, 0, 2, 0, 0, 2, 0]",right
24,88,"[8, 4, 8, 4, 4, 2, 16, 4, 0, 0, 0, 2, 0, 0, 0, 2]",right
25,88,"[8, 4, 8, 4, 4, 2, 16, 4, 2, 0, 0, 0, 2, 0, 0, 2]",left
26,92,"[8, 4, 8, 4, 4, 2, 16, 4, 0, 2, 0, 2, 0, 0, 0, 4]",right
27,96,"[8, 4, 8, 4, 4, 2, 16, 4, 4, 2, 0, 0, 4, 0, 0, 0]",left
28,96,"[8, 4, 8, 4, 4, 2, 16, 4, 2, 0, 4, 2, 0, 0, 0, 4]",right
29,96,"[8, 4, 8, 4, 4, 2, 16, 4, 2, 2, 4, 2, 0, 0, 0, 4]",right
30,100,"[8, 4, 8, 4, 4, 2, 16, 4, 4, 4, 2, 0, 4, 2, 0, 0]",left
31,108,"[8, 4, 8, 4, 8, 2, 16, 4, 4, 4, 2, 0, 2, 2, 0, 0]",up
32,132,"[16, 4, 8, 8, 4, 2, 16, 2, 2, 4, 2, 0, 0, 2, 0, 0]",up
33,132,"[0, 4, 0, 0, 16, 2, 8, 2, 4, 4, 16, 8, 2, 2, 2, 2]",down
34,132,"[16, 4, 8, 2, 4, 2, 16, 8, 2, 4, 2, 2, 2, 2, 0, 0]",up
35,136,"[0, 4, 0, 2, 16, 2, 8, 2, 4, 4, 16, 8, 4, 2, 2, 2]",down
36,148,"[2, 4, 0, 0, 0, 2, 8, 4, 16, 4, 16, 8, 8, 2, 2, 2]",down
37,148,"[2, 4, 0, 0, 2, 2, 8, 4, 16, 4, 16, 8, 8, 2, 2, 2]",down
38,152,"[0, 4, 2, 0, 4, 2, 8, 4, 16, 4, 16, 8, 8, 2, 2, 2]",down
39,156,"[4, 0, 4, 2, 4, 2, 8, 4, 16, 4, 16, 8, 0, 8, 2, 4]",right
40,164,"[2, 0, 4, 2, 0, 2, 8, 4, 8, 4, 16, 8, 16, 8, 2, 4]",down
41,164,"[0, 2, 4, 2, 2, 2, 8, 4, 8, 4, 16, 8, 16, 8, 2, 4]",down
42,168,"[2, 4, 2, 4, 4, 8, 4, 0, 8, 4, 16, 8, 16, 8, 2, 4]",left
43,168,"[2, 4, 2, 4, 2, 4, 8, 4, 8, 4, 16, 8, 16, 8, 2, 4]",right
44,204,"[2, 0, 2, 0, 4, 8, 8, 0, 8, 4, 16, 16, 16, 8, 2, 4]",down
45,256,"[4, 0, 0, 0, 4, 16, 2, 0, 8, 4, 32, 0, 16, 8, 2, 4]",left
46,312,"[0, 0, 2, 0, 0, 16, 2, 0, 0, 4, 32, 0, 32, 8, 2, 4]",down
47,312,"[0, 0, 0, 2, 2, 0, 16, 2, 0, 0, 4, 32, 32, 8, 2, 4]",right
48,312,"[0, 0, 2, 2, 0, 2, 16, 2, 0, 0, 4, 32, 32, 8, 2, 4]",right
49,316,"[0, 0, 0, 4, 2, 2, 16, 2, 0, 0, 4, 32, 32, 8, 2, 4]",right
50,320,"[0, 0, 0, 4, 2, 4, 16, 2, 0, 0, 4, 32, 32, 8, 2, 4]",right
51,320,"[4, 0, 0, 0, 2, 4, 16, 2, 4, 32, 0, 2, 32, 8, 2, 4]",left
52,320,"[0, 0, 2, 4, 2, 4, 16, 2, 0, 4, 32, 2, 32, 8, 2, 4]",right
53,320,"[2, 4, 0, 2, 2, 4, 16, 2, 4, 32, 2, 0, 32, 8, 2, 4]",left
54,320,"[0, 2, 4, 2, 2, 4, 16, 2, 2, 4, 32, 2, 32, 8, 2, 4]",right
55,320,"[2, 4, 2, 2, 2, 4, 16, 2, 2, 4, 32, 2, 32, 8, 2, 4]",left
56,324,"[2, 2, 4, 4, 2, 4, 16, 2, 2, 4, 32, 2, 32, 8, 2, 4]",right
57,336,"[4, 8, 0, 2, 2, 4, 16, 2, 2, 4, 32, 2, 32, 8, 2, 4]",left
58,336,"[2, 4, 8, 2, 2, 4, 16, 2, 2, 4, 32, 2, 32, 8, 2, 4]",right
1,0,"[0, 0, 0, 0, 0, 0, 0, 0, 0, 0, 0, 0, 2, 0, 0, 4]",left
2,0,"[0, 0, 0, 0, 0, 0, 0, 2, 0, 0, 0, 0, 0, 0, 2, 4]",right
3,0,"[0, 0, 2, 2, 0, 0, 0, 4, 0, 0, 0, 0, 0, 0, 0, 2]",up
4,4,"[4, 0, 0, 0, 4, 2, 0, 0, 0, 0, 0, 0, 2, 0, 0, 0]",left
5,4,"[0, 0, 0, 4, 0, 0, 4, 2, 0, 0, 2, 0, 0, 0, 0, 2]",right
6,4,"[4, 0, 0, 2, 4, 2, 0, 0, 2, 0, 0, 0, 2, 0, 0, 0]",left
7,4,"[0, 0, 4, 2, 0, 2, 4, 2, 0, 0, 0, 2, 0, 0, 0, 2]",right
8,4,"[4, 2, 0, 0, 2, 4, 2, 0, 2, 0, 0, 0, 2, 0, 2, 0]",left
9,12,"[4, 2, 4, 0, 4, 4, 0, 0, 2, 0, 0, 0, 0, 2, 0, 0]",up
10,20,"[0, 4, 2, 4, 0, 0, 0, 8, 2, 0, 0, 2, 0, 0, 0, 2]",right
11,24,"[0, 4, 2, 4, 0, 0, 0, 8, 0, 2, 0, 4, 0, 0, 0, 2]",right
12,24,"[0, 4, 2, 4, 2, 0, 0, 8, 0, 0, 2, 4, 0, 0, 0, 2]",right
13,24,"[4, 2, 4, 0, 2, 8, 0, 0, 2, 4, 0, 0, 2, 0, 0, 2]",left
14,28,"[0, 4, 2, 4, 0, 0, 2, 8, 0, 2, 2, 4, 0, 0, 0, 4]",right
15,40,"[0, 4, 4, 4, 0, 2, 2, 8, 0, 0, 0, 8, 0, 2, 0, 0]",up
16,60,"[2, 0, 0, 0, 0, 0, 0, 0, 0, 4, 4, 4, 0, 4, 2, 16]",down
17,68,"[0, 0, 2, 2, 0, 0, 0, 0, 0, 0, 4, 8, 0, 4, 2, 16]",right
18,72,"[0, 0, 0, 4, 0, 2, 0, 0, 0, 0, 4, 8, 0, 4, 2, 16]",right
19,72,"[0, 0, 0, 4, 0, 0, 0, 2, 2, 0, 4, 8, 0, 4, 2, 16]",right
20,72,"[0, 0, 0, 4, 0, 2, 0, 2, 0, 2, 4, 8, 0, 4, 2, 16]",right
21,76,"[0, 0, 0, 4, 0, 0, 0, 4, 2, 2, 4, 8, 0, 4, 2, 16]",right
22,132,"[0, 0, 0, 0, 0, 0, 2, 0, 0, 2, 4, 0, 2, 4, 2, 32]",down
23,132,"[0, 0, 0, 2, 2, 0, 0, 0, 2, 4, 0, 0, 2, 4, 2, 32]",left
24,132,"[0, 2, 0, 2, 0, 0, 0, 2, 0, 0, 2, 4, 2, 4, 2, 32]",right
25,140,"[2, 2, 4, 4, 0, 4, 0, 4, 2, 0, 0, 32, 0, 0, 0, 0]",up
26,160,"[0, 0, 4, 8, 0, 0, 0, 8, 0, 0, 2, 32, 0, 0, 2, 0]",right
27,180,"[0, 0, 0, 0, 0, 0, 0, 0, 0, 0, 4, 16, 0, 2, 4, 32]",down
28,180,"[0, 0, 0, 0, 0, 0, 2, 0, 4, 16, 0, 0, 2, 4, 32, 0]",left
29,180,"[0, 0, 0, 0, 2, 0, 0, 2, 0, 0, 4, 16, 0, 2, 4, 32]",right
30,184,"[0, 0, 0, 0, 0, 0, 0, 4, 0, 2, 4, 16, 0, 2, 4, 32]",right
31,184,"[0, 2, 0, 0, 4, 0, 0, 0, 2, 4, 16, 0, 2, 4, 32, 0]",left
32,184,"[0, 0, 0, 2, 0, 0, 2, 4, 0, 2, 4, 16, 0, 2, 4, 32]",right
33,196,"[0, 0, 2, 2, 0, 0, 0, 4, 0, 0, 2, 16, 0, 4, 8, 32]",down
1,0,"[0, 2, 0, 0, 2, 0, 0, 0, 0, 0, 0, 0, 0, 0, 0, 0]",up
2,0,"[0, 0, 0, 2, 0, 2, 0, 2, 0, 0, 0, 0, 0, 0, 0, 0]",right
3,4,"[0, 0, 0, 0, 0, 0, 0, 0, 0, 0, 0, 2, 0, 2, 0, 4]",down
4,4,"[0, 0, 0, 0, 0, 0, 0, 2, 2, 0, 0, 0, 2, 4, 0, 0]",left
5,4,"[0, 0, 0, 2, 0, 0, 0, 2, 0, 0, 0, 2, 0, 0, 2, 4]",right
6,8,"[0, 0, 2, 4, 0, 0, 0, 2, 0, 0, 0, 4, 0, 0, 4, 0]",up
7,8,"[2, 4, 0, 0, 2, 0, 0, 2, 4, 0, 0, 0, 4, 0, 0, 0]",left
8,12,"[2, 4, 0, 0, 4, 0, 0, 0, 4, 0, 0, 2, 4, 0, 0, 0]",left
9,12,"[2, 4, 0, 0, 4, 0, 2, 0, 4, 2, 0, 0, 4, 0, 0, 0]",left
10,12,"[0, 0, 2, 4, 0, 0, 4, 2, 0, 0, 4, 2, 0, 2, 0, 4]",right
11,24,"[0, 0, 0, 0, 0, 2, 0, 4, 0, 0, 2, 4, 0, 2, 8, 4]",down
12,36,"[0, 2, 0, 0, 0, 0, 0, 0, 0, 0, 2, 8, 0, 4, 8, 4]",down
13,36,"[0, 0, 0, 0, 0, 0, 0, 0, 0, 2, 2, 8, 2, 4, 8, 4]",down
14,40,"[0, 0, 0, 0, 0, 0, 0, 0, 2, 0, 4, 8, 2, 4, 8, 4]",right
15,44,"[4, 4, 4, 8, 0, 0, 8, 4, 0, 0, 2, 0, 0, 0, 0, 0]",up
16,52,"[8, 4, 8, 0, 8, 4, 0, 0, 2, 0, 0, 0, 0, 0, 2, 0]",left
17,52,"[8, 4, 8, 0, 8, 4, 2, 0, 2, 0, 0, 0, 2, 0, 0, 0]",left
18,80,"[0, 0, 0, 0, 0, 0, 0, 0, 16, 0, 8, 2, 4, 8, 2, 0]",down
19,80,"[0, 2, 0, 0, 0, 0, 0, 0, 0, 16, 8, 2, 0, 4, 8, 2]",right
20,100,"[0, 0, 0, 0, 0, 2, 0, 0, 0, 16, 2, 0, 0, 4, 16, 4]",down
21,100,"[0, 0, 0, 0, 0, 0, 0, 2, 0, 4, 16, 2, 0, 4, 16, 4]",right
22,144,"[0, 0, 2, 0, 0, 0, 0, 0, 0, 0, 0, 4, 0, 8, 32, 4]",down
23,152,"[0, 0, 0, 0, 0, 0, 0, 0, 0, 2, 2, 0, 0, 8, 32, 8]",down
24,156,"[0, 0, 0, 0, 0, 0, 0, 0, 2, 0, 0, 4, 0, 8, 32, 8]",right
25,156,"[0, 0, 0, 0, 0, 0, 0, 4, 0, 0, 0, 4, 2, 8, 32, 8]",down
26,164,"[2, 0, 0, 0, 0, 0, 0, 0, 0, 0, 0, 8, 2, 8, 32, 8]",down
27,184,"[0, 0, 0, 0, 0, 2, 0, 0, 0, 0, 0, 0, 4, 8, 32, 16]",down
28,184,"[0, 0, 2, 0, 0, 0, 0, 2, 0, 0, 0, 0, 4, 8, 32, 16]",right
29,184,"[0, 0, 0, 2, 0, 0, 2, 2, 0, 0, 0, 0, 4, 8, 32, 16]",right
30,188,"[0, 4, 0, 0, 0, 0, 0, 0, 0, 0, 2, 4, 4, 8, 32, 16]",down
31,188,"[0, 0, 0, 4, 2, 0, 0, 0, 0, 0, 2, 4, 4, 8, 32, 16]",right
32,188,"[0, 0, 0, 4, 0, 0, 2, 2, 0, 0, 2, 4, 4, 8, 32, 16]",right
33,192,"[0, 0, 0, 4, 0, 0, 0, 4, 2, 0, 2, 4, 4, 8, 32, 16]",right
34,200,"[0, 0, 0, 0, 2, 0, 0, 8, 2, 0, 2, 4, 4, 8, 32, 16]",down
35,204,"[0, 2, 0, 0, 2, 8, 0, 0, 4, 4, 0, 0, 4, 8, 32, 16]",left
36,212,"[2, 2, 32, 16, 8, 8, 0, 2, 0, 4, 0, 0, 0, 8, 0, 0]",up
37,232,"[0, 4, 32, 16, 0, 0, 16, 2, 0, 2, 0, 4, 0, 0, 0, 8]",right
38,232,"[2, 0, 0, 16, 0, 0, 0, 2, 0, 4, 32, 4, 0, 2, 16, 8]",down
39,232,"[2, 16, 2, 0, 2, 0, 0, 0, 4, 32, 4, 0, 2, 16, 8, 0]",left
40,232,"[0, 2, 16, 2, 0, 0, 2, 2, 0, 4, 32, 4, 0, 2, 16, 8]",right
41,236,"[0, 2, 16, 4, 0, 4, 2, 4, 0, 2, 32, 8, 0, 0, 16, 2]",up
42,244,"[0, 2, 16, 0, 0, 2, 2, 8, 0, 4, 32, 8, 0, 2, 16, 2]",down
43,248,"[2, 0, 16, 0, 0, 4, 2, 8, 0, 4, 32, 8, 0, 2, 16, 2]",down
44,272,"[0, 0, 16, 4, 0, 0, 2, 0, 0, 8, 32, 16, 2, 2, 16, 2]",down
45,272,"[2, 8, 16, 4, 0, 2, 2, 16, 0, 0, 32, 2, 2, 0, 16, 0]",up
46,276,"[2, 8, 16, 4, 0, 0, 4, 16, 0, 0, 32, 2, 2, 0, 2, 16]",right
47,280,"[2, 8, 16, 4, 4, 16, 0, 0, 32, 2, 0, 0, 4, 16, 0, 2]",left
48,280,"[2, 8, 0, 0, 4, 16, 0, 2, 32, 2, 0, 4, 4, 16, 16, 2]",down
49,312,"[2, 8, 2, 0, 4, 16, 2, 0, 32, 2, 4, 0, 4, 32, 2, 0]",left
50,316,"[2, 8, 0, 0, 4, 16, 4, 0, 32, 2, 4, 2, 4, 32, 2, 0]",down
51,324,"[2, 8, 0, 0, 4, 16, 2, 0, 32, 2, 8, 0, 4, 32, 2, 2]",down
52,328,"[2, 8, 0, 0, 4, 16, 2, 0, 32, 2, 8, 4, 4, 32, 4, 0]",left
53,328,"[2, 8, 2, 0, 4, 16, 2, 0, 32, 2, 8, 0, 4, 32, 4, 4]",down
54,332,"[2, 8, 0, 0, 4, 16, 4, 0, 32, 2, 8, 2, 4, 32, 4, 4]",down
55,340,"[2, 0, 2, 8, 0, 4, 16, 4, 32, 2, 8, 2, 0, 4, 32, 8]",right
56,340,"[0, 4, 2, 8, 0, 4, 16, 4, 2, 2, 8, 2, 32, 4, 32, 8]",down
57,348,"[0, 0, 2, 8, 2, 8, 16, 4, 2, 2, 8, 2, 32, 4, 32, 8]",down
58,352,"[0, 2, 2, 8, 2, 8, 16, 4, 0, 4, 8, 2, 32, 4, 32, 8]",right
59,356,"[4, 8, 0, 0, 2, 8, 16, 4, 4, 8, 2, 2, 32, 4, 32, 8]",left
60,360,"[2, 0, 4, 8, 2, 8, 16, 4, 0, 4, 8, 4, 32, 4, 32, 8]",right
61,360,"[2, 4, 8, 0, 2, 8, 16, 4, 4, 8, 4, 2, 32, 4, 32, 8]",left
62,360,"[2, 2, 4, 8, 2, 8, 16, 4, 4, 8, 4, 2, 32, 4, 32, 8]",right
63,364,"[4, 4, 8, 2, 2, 8, 16, 4, 4, 8, 4, 2, 32, 4, 32, 8]",left
64,372,"[2, 8, 8, 2, 2, 8, 16, 4, 4, 8, 4, 2, 32, 4, 32, 8]",right
65,388,"[2, 16, 2, 2, 2, 8, 16, 4, 4, 8, 4, 2, 32, 4, 32, 8]",left
66,392,"[2, 16, 2, 2, 4, 8, 16, 4, 4, 8, 4, 2, 32, 4, 32, 8]",down
67,416,"[0, 2, 2, 2, 2, 16, 16, 4, 8, 16, 4, 2, 32, 4, 32, 8]",down
68,452,"[4, 2, 2, 0, 2, 32, 4, 0, 8, 16, 4, 2, 32, 4, 32, 8]",left
69,456,"[4, 4, 0, 0, 2, 32, 4, 2, 8, 16, 4, 2, 32, 4, 32, 8]",left
70,464,"[8, 2, 0, 0, 2, 32, 4, 2, 8, 16, 4, 2, 32, 4, 32, 8]",left
71,464,"[0, 2, 8, 2, 2, 32, 4, 2, 8, 16, 4, 2, 32, 4, 32, 8]",right
72,476,"[2, 2, 0, 0, 2, 32, 8, 4, 8, 16, 8, 2, 32, 4, 32, 8]",down
73,480,"[2, 0, 0, 4, 2, 32, 8, 4, 8, 16, 8, 2, 32, 4, 32, 8]",right
74,480,"[2, 0, 2, 4, 2, 32, 8, 4, 8, 16, 8, 2, 32, 4, 32, 8]",right
75,484,"[0, 2, 4, 4, 2, 32, 8, 4, 8, 16, 8, 2, 32, 4, 32, 8]",right
76,492,"[2, 0, 2, 8, 2, 32, 8, 4, 8, 16, 8, 2, 32, 4, 32, 8]",right
77,496,"[4, 8, 2, 0, 2, 32, 8, 4, 8, 16, 8, 2, 32, 4, 32, 8]",left
78,496,"[2, 4, 8, 2, 2, 32, 8, 4, 8, 16, 8, 2, 32, 4, 32, 8]",right
79,516,"[0, 4, 2, 2, 4, 32, 16, 4, 8, 16, 8, 2, 32, 4, 32, 8]",down
80,516,"[4, 4, 2, 2, 8, 32, 16, 4, 32, 16, 8, 2, 2, 4, 32, 8]",up
81,528,"[0, 2, 8, 4, 8, 32, 16, 4, 32, 16, 8, 2, 2, 4, 32, 8]",right
82,528,"[2, 8, 4, 2, 8, 32, 16, 4, 32, 16, 8, 2, 2, 4, 32, 8]",left
1,0,"[0, 0, 0, 2, 0, 0, 2, 0, 0, 0, 0, 0, 0, 0, 0, 0]",up
2,0,"[0, 0, 0, 2, 0, 0, 0, 2, 0, 0, 0, 0, 2, 0, 0, 0]",right
3,4,"[2, 0, 0, 0, 0, 0, 0, 0, 0, 0, 0, 0, 2, 0, 0, 4]",down
4,8,"[4, 0, 2, 4, 0, 0, 0, 0, 0, 0, 0, 0, 0, 0, 0, 0]",up
5,8,"[4, 2, 4, 0, 0, 0, 0, 0, 2, 0, 0, 0, 0, 0, 0, 0]",left
6,8,"[0, 4, 2, 4, 0, 0, 0, 0, 0, 0, 0, 2, 4, 0, 0, 0]",right
7,8,"[4, 2, 4, 0, 0, 0, 0, 0, 2, 0, 0, 0, 4, 2, 0, 0]",left
8,12,"[0, 0, 0, 0, 4, 0, 0, 0, 2, 4, 0, 0, 4, 4, 4, 0]",down
9,20,"[2, 0, 0, 0, 4, 0, 0, 0, 2, 4, 0, 0, 8, 4, 0, 0]",left
10,20,"[0, 0, 0, 2, 2, 0, 0, 4, 0, 0, 2, 4, 0, 0, 8, 4]",right
11,20,"[2, 0, 0, 0, 2, 4, 0, 0, 2, 4, 0, 2, 8, 4, 0, 0]",left
12,32,"[4, 8, 0, 2, 2, 4, 0, 0, 8, 0, 0, 4, 0, 0, 0, 0]",up
13,32,"[2, 4, 8, 2, 0, 0, 2, 4, 0, 0, 8, 4, 0, 0, 0, 0]",right
14,32,"[2, 4, 8, 2, 2, 4, 0, 0, 8, 4, 0, 0, 0, 0, 2, 0]",left
15,44,"[4, 8, 8, 2, 8, 4, 2, 0, 0, 0, 0, 2, 0, 0, 0, 0]",up
16,60,"[0, 4, 16, 2, 0, 8, 4, 2, 0, 0, 0, 2, 0, 2, 0, 0]",right
17,60,"[4, 16, 2, 0, 8, 4, 2, 0, 2, 0, 0, 0, 2, 2, 0, 0]",left
18,64,"[4, 16, 2, 2, 8, 4, 2, 0, 2, 0, 0, 0, 4, 0, 0, 0]",left
19,68,"[4, 0, 0, 0, 8, 0, 0, 2, 2, 16, 0, 0, 4, 4, 4, 2]",down
20,76,"[4, 0, 0, 0, 8, 2, 0, 0, 2, 16, 4, 0, 8, 4, 2, 0]",left
21,76,"[0, 0, 0, 4, 0, 0, 8, 2, 2, 2, 16, 4, 0, 8, 4, 2]",right
22,80,"[2, 0, 0, 4, 0, 0, 8, 2, 0, 4, 16, 4, 0, 8, 4, 2]",right
23,80,"[2, 4, 8, 4, 0, 8, 16, 2, 0, 0, 4, 4, 2, 0, 0, 2]",up
24,92,"[2, 4, 8, 4, 8, 16, 2, 0, 8, 2, 0, 0, 4, 0, 0, 0]",left
25,92,"[2, 4, 8, 4, 0, 8, 16, 2, 0, 0, 8, 2, 2, 0, 0, 4]",right
26,92,"[2, 4, 8, 4, 8, 16, 2, 2, 8, 2, 0, 0, 2, 4, 0, 0]",left
27,96,"[2, 4, 8, 4, 2, 8, 16, 4, 0, 0, 8, 2, 0, 0, 2, 4]",right
28,108,"[4, 4, 8, 8, 0, 8, 16, 2, 0, 0, 8, 4, 0, 2, 2, 0]",up
29,108,"[0, 0, 8, 0, 0, 4, 16, 8, 2, 8, 8, 2, 4, 2, 2, 4]",down
30,128,"[8, 0, 0, 0, 4, 16, 8, 0, 2, 16, 2, 0, 4, 4, 4, 2]",left
31,136,"[0, 2, 0, 8, 0, 4, 16, 8, 0, 2, 16, 2, 0, 4, 8, 2]",right
32,184,"[0, 2, 0, 0, 2, 4, 0, 16, 0, 2, 32, 2, 0, 4, 8, 2]",down
33,184,"[2, 2, 0, 0, 2, 4, 16, 0, 2, 32, 2, 0, 4, 8, 2, 0]",left
34,188,"[0, 0, 0, 4, 0, 2, 4, 16, 0, 2, 32, 2, 2, 4, 8, 2]",right
35,188,"[4, 2, 0, 0, 2, 4, 16, 0, 2, 32, 2, 0, 2, 4, 8, 2]",left
36,192,"[0, 2, 2, 0, 4, 4, 16, 0, 4, 32, 2, 0, 2, 4, 8, 2]",down
1,0,"[2, 0, 0, 0, 0, 0, 0, 0, 2, 0, 0, 0, 0, 0, 0, 0]",up
2,0,"[0, 0, 0, 2, 0, 0, 0, 0, 2, 0, 0, 2, 0, 0, 0, 0]",right
3,4,"[2, 0, 0, 4, 0, 0, 0, 0, 0, 0, 0, 0, 0, 0, 2, 0]",up
4,4,"[0, 0, 2, 4, 0, 2, 0, 0, 0, 0, 0, 0, 0, 0, 0, 2]",right
5,4,"[2, 4, 0, 4, 2, 0, 0, 0, 0, 0, 0, 0, 2, 0, 0, 0]",left
6,12,"[0, 0, 2, 8, 0, 0, 0, 2, 0, 0, 0, 0, 0, 2, 0, 2]",right
7,16,"[0, 2, 2, 8, 0, 0, 0, 4, 2, 0, 0, 0, 0, 0, 0, 0]",down
8,20,"[0, 0, 4, 8, 2, 0, 0, 4, 0, 0, 0, 2, 0, 0, 0, 0]",right
9,20,"[4, 8, 0, 0, 2, 4, 0, 0, 2, 0, 0, 0, 0, 2, 0, 0]",left
10,24,"[4, 8, 0, 0, 4, 4, 0, 0, 0, 2, 0, 0, 2, 0, 0, 0]",up
11,32,"[0, 0, 4, 8, 0, 0, 0, 8, 0, 0, 0, 2, 0, 0, 2, 2]",right
12,36,"[4, 8, 0, 0, 8, 0, 0, 0, 2, 0, 0, 0, 4, 2, 0, 0]",left
13,36,"[0, 0, 4, 8, 0, 0, 0, 8, 2, 0, 0, 2, 0, 0, 4, 2]",right
14,40,"[4, 8, 0, 0, 8, 0, 0, 0, 4, 0, 0, 0, 4, 2, 2, 0]",left
15,48,"[4, 8, 2, 2, 8, 2, 0, 0, 8, 0, 0, 0, 0, 0, 0, 0]",down
16,64,"[4, 8, 2, 2, 16, 2, 0, 0, 0, 0, 0, 0, 2, 0, 0, 0]",down
17,64,"[4, 8, 2, 2, 16, 2, 0, 2, 2, 0, 0, 0, 0, 0, 0, 0]",down
18,72,"[0, 4, 8, 4, 0, 0, 16, 4, 0, 0, 0, 2, 0, 2, 0, 0]",right
19,80,"[0, 4, 8, 8, 0, 2, 16, 2, 0, 0, 0, 0, 2, 0, 0, 0]",down
20,80,"[2, 4, 8, 8, 0, 2, 16, 2, 0, 0, 0, 0, 0, 0, 2, 0]",down
21,80,"[2, 4, 8, 8, 0, 2, 16, 2, 0, 0, 2, 0, 0, 2, 0, 0]",down
22,84,"[2, 4, 8, 8, 0, 4, 16, 2, 2, 0, 2, 0, 0, 0, 0, 0]",down
23,96,"[4, 8, 8, 8, 0, 0, 16, 2, 2, 0, 2, 0, 0, 0, 0, 0]",up
24,96,"[4, 8, 8, 8, 2, 0, 16, 2, 0, 0, 2, 0, 0, 0, 2, 0]",down
25,112,"[2, 4, 8, 16, 0, 2, 16, 2, 0, 0, 0, 2, 0, 0, 0, 2]",right
26,116,"[2, 4, 8, 16, 0, 2, 16, 4, 0, 0, 0, 2, 0, 2, 0, 0]",down
1,0,"[0, 0, 0, 2, 0, 0, 0, 0, 0, 0, 0, 0, 0, 0, 4, 0]",right
2,0,"[0, 0, 0, 2, 0, 0, 0, 0, 0, 0, 0, 2, 0, 0, 4, 0]",down
3,4,"[0, 2, 4, 4, 0, 0, 0, 0, 0, 0, 0, 0, 0, 0, 0, 0]",up
4,12,"[0, 2, 2, 8, 0, 0, 0, 0, 0, 0, 0, 0, 0, 0, 0, 0]",right
5,16,"[4, 8, 0, 0, 0, 0, 0, 2, 0, 0, 0, 0, 0, 0, 0, 0]",left
6,16,"[0, 0, 0, 0, 0, 0, 0, 0, 4, 8, 2, 2, 0, 0, 0, 0]",down
7,20,"[0, 0, 0, 0, 0, 0, 2, 0, 0, 4, 8, 4, 0, 0, 0, 0]",right
8,20,"[0, 0, 0, 0, 2, 0, 0, 2, 4, 8, 4, 0, 0, 0, 0, 0]",left
9,24,"[0, 0, 0, 0, 0, 0, 0, 4, 0, 4, 8, 4, 0, 0, 0, 2]",right
10,32,"[0, 2, 0, 0, 0, 0, 0, 0, 0, 4, 8, 8, 0, 0, 0, 0]",down
11,48,"[2, 0, 0, 0, 0, 0, 2, 0, 4, 16, 0, 0, 0, 0, 0, 0]",left
12,48,"[0, 0, 0, 2, 0, 0, 0, 2, 2, 0, 4, 16, 0, 0, 0, 0]",right
13,52,"[2, 0, 4, 4, 0, 0, 0, 16, 4, 0, 0, 0, 0, 0, 0, 0]",up
14,60,"[2, 8, 0, 0, 16, 0, 0, 0, 4, 0, 2, 0, 0, 0, 0, 0]",left
15,60,"[0, 0, 2, 8, 0, 2, 0, 16, 0, 0, 4, 2, 0, 0, 0, 0]",right
16,60,"[2, 8, 0, 0, 2, 16, 0, 0, 4, 2, 0, 0, 0, 0, 2, 0]",left
17,60,"[0, 0, 2, 8, 2, 0, 2, 16, 0, 0, 4, 2, 0, 0, 0, 2]",right
18,68,"[0, 2, 0, 8, 0, 0, 4, 16, 2, 0, 4, 0, 0, 0, 0, 0]",down
19,76,"[0, 0, 0, 8, 0, 0, 2, 16, 2, 2, 8, 0, 0, 0, 0, 0]",down
20,76,"[0, 0, 2, 8, 0, 0, 2, 16, 2, 2, 8, 0, 0, 0, 0, 0]",down
21,80,"[2, 0, 0, 8, 0, 0, 4, 16, 2, 2, 8, 0, 0, 0, 0, 0]",down
22,84,"[0, 0, 0, 8, 2, 0, 4, 16, 4, 2, 8, 0, 0, 0, 0, 0]",down
23,84,"[0, 0, 0, 8, 2, 0, 4, 16, 4, 2, 8, 0, 0, 0, 0, 2]",down
24,84,"[0, 0, 0, 8, 2, 0, 4, 16, 4, 2, 8, 0, 0, 2, 0, 0]",down
25,88,"[2, 0, 0, 8, 2, 0, 4, 16, 4, 0, 8, 0, 0, 4, 0, 0]",down
26,92,"[0, 0, 0, 8, 4, 0, 4, 16, 4, 2, 8, 0, 0, 4, 0, 0]",down
27,100,"[0, 2, 0, 8, 0, 0, 8, 16, 0, 4, 2, 8, 0, 0, 0, 4]",right
28,100,"[2, 0, 0, 8, 0, 2, 8, 16, 0, 4, 2, 0, 0, 0, 0, 0]",down
29,100,"[0, 2, 0, 8, 0, 2, 8, 16, 2, 4, 2, 0, 0, 0, 0, 0]",down
30,104,"[0, 0, 0, 8, 0, 4, 8, 16, 2, 4, 2, 0, 0, 0, 0, 2]",down
31,112,"[0, 0, 0, 8, 0, 0, 8, 16, 2, 8, 2, 2, 0, 0, 0, 0]",down
1,0,"[0, 2, 0, 0, 0, 0, 0, 0, 0, 0, 0, 2, 0, 0, 0, 0]",right
2,0,"[2, 0, 0, 0, 0, 0, 0, 0, 2, 0, 0, 0, 0, 2, 0, 0]",left
3,0,"[2, 0, 0, 0, 0, 0, 0, 0, 2, 0, 0, 0, 2, 2, 0, 0]",left
4,4,"[0, 2, 0, 2, 0, 0, 0, 0, 0, 0, 0, 2, 0, 0, 0, 4]",right
5,8,"[4, 0, 0, 0, 0, 0, 0, 0, 2, 0, 0, 0, 4, 0, 0, 2]",left
6,8,"[4, 0, 0, 0, 0, 0, 4, 0, 2, 0, 0, 0, 4, 2, 0, 0]",left
7,8,"[4, 2, 0, 0, 4, 0, 0, 0, 2, 0, 0, 0, 4, 2, 0, 0]",left
8,8,"[0, 0, 4, 2, 2, 0, 0, 4, 0, 0, 0, 2, 0, 0, 4, 2]",right
9,20,"[0, 0, 0, 0, 0, 0, 0, 2, 0, 2, 0, 4, 2, 0, 8, 4]",down
10,20,"[4, 0, 0, 0, 0, 0, 0, 2, 0, 0, 2, 4, 0, 2, 8, 4]",right
11,20,"[0, 0, 0, 4, 0, 0, 0, 2, 4, 0, 2, 4, 0, 2, 8, 4]",right
12,20,"[4, 0, 0, 0, 2, 0, 0, 2, 4, 2, 4, 0, 2, 8, 4, 0]",left
13,24,"[2, 0, 0, 4, 0, 0, 0, 4, 0, 4, 2, 4, 0, 2, 8, 4]",right
14,24,"[0, 0, 2, 4, 0, 0, 0, 4, 0, 4, 2, 4, 4, 2, 8, 4]",right
15,36,"[0, 0, 0, 0, 4, 0, 0, 8, 0, 4, 4, 4, 4, 2, 8, 4]",down
16,52,"[0, 0, 2, 0, 0, 0, 0, 0, 0, 4, 4, 8, 8, 2, 8, 8]",down
17,68,"[8, 4, 2, 16, 0, 2, 4, 0, 0, 2, 8, 0, 0, 0, 0, 0]",up
18,68,"[8, 4, 2, 16, 0, 0, 2, 4, 0, 0, 2, 8, 2, 0, 0, 0]",right
19,68,"[8, 4, 2, 16, 2, 0, 2, 4, 0, 0, 2, 8, 0, 0, 0, 2]",right
20,72,"[8, 4, 2, 16, 4, 4, 0, 0, 2, 8, 2, 0, 2, 0, 0, 0]",left
21,80,"[8, 4, 2, 16, 0, 2, 0, 8, 0, 2, 8, 2, 0, 0, 0, 2]",right
22,80,"[8, 4, 2, 16, 2, 8, 0, 0, 2, 8, 2, 2, 2, 0, 0, 0]",left
23,84,"[8, 4, 2, 16, 0, 0, 2, 8, 0, 2, 8, 4, 0, 2, 0, 2]",right
24,88,"[8, 4, 2, 16, 2, 8, 0, 0, 2, 8, 4, 2, 4, 0, 0, 0]",left
25,88,"[8, 4, 2, 16, 2, 0, 2, 8, 2, 8, 4, 2, 0, 0, 0, 4]",right
26,96,"[0, 2, 0, 16, 0, 0, 0, 8, 8, 4, 4, 2, 4, 8, 4, 4]",down
27,112,"[0, 0, 2, 16, 0, 0, 0, 8, 0, 8, 8, 2, 2, 4, 8, 8]",right
28,144,"[0, 0, 2, 16, 0, 0, 0, 8, 0, 2, 16, 2, 0, 2, 4, 16]",right
29,148,"[0, 0, 0, 16, 2, 0, 2, 8, 0, 0, 16, 2, 0, 4, 4, 16]",down
30,148,"[0, 0, 0, 16, 0, 2, 2, 8, 0, 0, 16, 2, 2, 4, 4, 16]",down
31,148,"[2, 2, 2, 16, 0, 4, 16, 8, 0, 2, 4, 2, 0, 0, 0, 16]",up
32,152,"[4, 2, 16, 0, 4, 16, 8, 2, 2, 4, 2, 0, 16, 0, 0, 0]",left
33,152,"[0, 4, 2, 16, 4, 16, 8, 2, 0, 2, 4, 2, 2, 0, 0, 16]",right
34,156,"[0, 0, 2, 0, 0, 4, 2, 16, 4, 16, 8, 4, 2, 2, 4, 16]",down
35,160,"[2, 0, 0, 0, 4, 2, 16, 0, 4, 16, 8, 4, 4, 4, 16, 2]",left
36,168,"[0, 0, 0, 2, 2, 4, 2, 16, 4, 16, 8, 4, 0, 8, 16, 2]",right
37,168,"[2, 0, 0, 0, 2, 4, 2, 16, 4, 16, 8, 4, 8, 16, 2, 2]",left
38,172,"[0, 0, 2, 2, 2, 4, 2, 16, 4, 16, 8, 4, 0, 8, 16, 4]",right
39,184,"[2, 4, 4, 2, 4, 16, 8, 16, 2, 8, 16, 8, 0, 0, 0, 0]",up
40,192,"[2, 8, 2, 0, 4, 16, 8, 16, 2, 8, 16, 8, 0, 2, 0, 0]",left
41,192,"[0, 2, 8, 2, 4, 16, 8, 16, 2, 8, 16, 8, 2, 0, 0, 2]",right
42,196,"[0, 2, 8, 2, 4, 16, 8, 16, 2, 8, 16, 8, 0, 0, 4, 4]",right
43,204,"[0, 2, 8, 2, 4, 16, 8, 16, 2, 8, 16, 8, 2, 0, 0, 8]",right
44,204,"[2, 8, 2, 0, 4, 16, 8, 16, 2, 8, 16, 8, 2, 8, 0, 2]",left
45,204,"[2, 2, 8, 2, 4, 16, 8, 16, 2, 8, 16, 8, 0, 2, 8, 2]",right
46,208,"[4, 8, 2, 0, 4, 16, 8, 16, 2, 8, 16, 8, 2, 8, 2, 2]",left
47,236,"[8, 8, 2, 16, 4, 16, 8, 8, 2, 16, 16, 2, 0, 0, 2, 0]",up
48,268,"[16, 2, 16, 0, 4, 16, 16, 0, 2, 16, 16, 2, 2, 0, 0, 2]",left
49,336,"[0, 16, 2, 16, 2, 0, 4, 32, 0, 2, 32, 2, 0, 0, 0, 4]",right
50,336,"[2, 16, 2, 16, 0, 2, 4, 32, 4, 0, 32, 2, 0, 0, 0, 4]",up
51,336,"[2, 16, 2, 16, 2, 4, 32, 0, 4, 32, 2, 2, 4, 0, 0, 0]",left
52,340,"[2, 16, 2, 16, 0, 2, 4, 32, 4, 4, 32, 4, 0, 0, 0, 4]",right
53,348,"[2, 16, 2, 16, 2, 4, 32, 0, 8, 32, 4, 2, 4, 0, 0, 0]",left
54,348,"[2, 16, 2, 16, 2, 2, 4, 32, 8, 32, 4, 2, 0, 0, 0, 4]",right
55,352,"[4, 0, 0, 16, 0, 16, 2, 32, 4, 2, 4, 2, 8, 32, 4, 4]",down
56,360,"[0, 2, 4, 16, 0, 16, 2, 32, 4, 2, 4, 2, 0, 8, 32, 8]",right
57,360,"[2, 4, 16, 2, 16, 2, 32, 0, 4, 2, 4, 2, 8, 32, 8, 0]",left
58,368,"[2, 2, 16, 0, 16, 4, 32, 0, 4, 4, 4, 0, 8, 32, 8, 4]",down
59,380,"[0, 0, 4, 16, 0, 16, 4, 32, 0, 2, 4, 8, 8, 32, 8, 4]",right
60,388,"[0, 0, 0, 16, 2, 16, 8, 32, 0, 2, 4, 8, 8, 32, 8, 4]",down
61,388,"[2, 16, 8, 16, 8, 2, 4, 32, 0, 32, 8, 8, 4, 0, 0, 4]",up
62,388,"[2, 16, 8, 16, 8, 2, 4, 32, 4, 32, 8, 8, 2, 0, 0, 4]",up
63,404,"[2, 16, 8, 16, 8, 2, 4, 32, 0, 4, 32, 16, 2, 0, 2, 4]",right
64,408,"[2, 16, 8, 16, 8, 2, 4, 32, 4, 32, 16, 0, 4, 4, 2, 0]",left
65,416,"[2, 16, 8, 16, 8, 2, 4, 32, 4, 32, 16, 2, 8, 2, 0, 0]",left
66,416,"[2, 16, 8, 16, 8, 2, 4, 32, 4, 32, 16, 2, 2, 0, 8, 2]",right
67,416,"[2, 16, 8, 16, 8, 2, 4, 32, 4, 32, 16, 2, 2, 8, 2, 2]",left
1,0,"[0, 0, 0, 2, 0, 0, 0, 0, 0, 0, 2, 0, 0, 0, 0, 0]",up
2,0,"[2, 0, 0, 0, 0, 0, 0, 0, 2, 0, 0, 0, 0, 2, 0, 0]",left
3,0,"[0, 2, 0, 2, 0, 0, 0, 0, 0, 0, 0, 2, 0, 0, 0, 2]",right
4,4,"[4, 0, 0, 0, 0, 0, 0, 0, 2, 0, 0, 0, 2, 2, 0, 0]",left
5,8,"[0, 0, 0, 4, 4, 0, 0, 0, 0, 0, 0, 2, 0, 0, 0, 4]",right
6,8,"[4, 0, 0, 2, 4, 0, 0, 0, 2, 0, 0, 0, 4, 0, 0, 0]",left
7,16,"[0, 0, 0, 0, 8, 0, 0, 0, 2, 2, 0, 0, 4, 0, 0, 2]",down
8,20,"[0, 0, 0, 0, 0, 0, 0, 8, 0, 0, 0, 4, 2, 0, 4, 2]",right
9,20,"[2, 0, 0, 0, 8, 0, 0, 0, 4, 0, 0, 0, 2, 4, 2, 0]",left
10,20,"[2, 4, 2, 0, 8, 0, 0, 2, 4, 0, 0, 0, 2, 0, 0, 0]",up
11,20,"[2, 4, 2, 0, 8, 2, 0, 0, 4, 0, 0, 0, 2, 0, 0, 2]",left
12,24,"[0, 2, 4, 2, 0, 0, 8, 2, 0, 2, 0, 4, 0, 0, 0, 4]",right
13,24,"[2, 4, 2, 0, 8, 2, 0, 0, 2, 4, 2, 0, 4, 0, 0, 0]",left
14,28,"[2, 0, 0, 0, 8, 4, 0, 0, 2, 2, 0, 0, 4, 4, 4, 2]",down
15,40,"[0, 0, 0, 2, 0, 0, 8, 4, 0, 2, 0, 4, 0, 4, 8, 2]",right
16,40,"[0, 2, 0, 2, 0, 0, 8, 4, 0, 0, 2, 4, 0, 4, 8, 2]",right
17,44,"[0, 0, 2, 4, 0, 0, 8, 4, 0, 0, 2, 4, 0, 4, 8, 2]",right
18,44,"[2, 4, 0, 0, 8, 4, 0, 0, 2, 4, 0, 2, 4, 8, 2, 0]",left
19,44,"[0, 0, 2, 4, 0, 2, 8, 4, 0, 2, 4, 2, 0, 4, 8, 2]",right
20,56,"[2, 0, 2, 0, 0, 0, 8, 8, 0, 4, 4, 2, 0, 4, 8, 2]",down
21,68,"[2, 8, 2, 8, 0, 0, 8, 4, 4, 0, 4, 0, 0, 0, 8, 0]",up
22,68,"[2, 0, 2, 0, 0, 0, 8, 0, 2, 0, 4, 8, 4, 8, 8, 4]",down
23,72,"[4, 8, 2, 8, 4, 2, 8, 4, 0, 0, 4, 0, 0, 0, 8, 0]",up
24,80,"[0, 0, 2, 0, 0, 2, 8, 0, 0, 8, 4, 8, 8, 2, 8, 4]",down
25,80,"[8, 2, 2, 8, 0, 8, 8, 4, 2, 2, 4, 0, 0, 0, 8, 0]",up
26,80,"[0, 0, 2, 0, 2, 2, 8, 0, 8, 8, 4, 8, 2, 2, 8, 4]",down
27,80,"[2, 2, 2, 8, 8, 8, 8, 4, 2, 2, 4, 2, 0, 0, 8, 0]",up
28,104,"[0, 2, 4, 8, 0, 8, 16, 4, 0, 4, 4, 2, 0, 2, 0, 8]",right
29,104,"[0, 2, 0, 8, 0, 8, 4, 4, 0, 4, 16, 2, 2, 2, 4, 8]",down
30,116,"[0, 0, 2, 8, 2, 0, 8, 8, 0, 4, 16, 2, 0, 4, 4, 8]",right
31,140,"[0, 0, 2, 8, 0, 0, 2, 16, 0, 4, 16, 2, 2, 0, 8, 8]",right
32,156,"[0, 0, 2, 8, 0, 0, 2, 16, 0, 4, 16, 2, 0, 2, 2, 16]",right
33,160,"[0, 0, 2, 8, 0, 0, 2, 16, 0, 4, 16, 2, 0, 4, 4, 16]",right
34,168,"[0, 0, 2, 8, 0, 0, 2, 16, 2, 4, 16, 2, 0, 0, 8, 16]",right
35,172,"[2, 4, 4, 8, 0, 0, 16, 16, 2, 0, 8, 2, 0, 0, 0, 16]",up
36,212,"[0, 2, 8, 8, 0, 0, 0, 32, 2, 2, 8, 2, 0, 0, 0, 16]",right
37,232,"[2, 0, 2, 16, 0, 0, 0, 32, 0, 4, 8, 2, 0, 0, 0, 16]",right
38,236,"[0, 2, 4, 16, 0, 0, 0, 32, 0, 4, 8, 2, 0, 0, 0, 16]",right
39,236,"[0, 2, 4, 16, 0, 4, 8, 32, 2, 0, 0, 2, 0, 0, 0, 16]",up
40,240,"[0, 2, 4, 16, 0, 4, 8, 32, 0, 0, 0, 4, 0, 0, 2, 16]",right
41,240,"[0, 2, 4, 16, 0, 4, 8, 32, 0, 0, 2, 4, 2, 0, 0, 16]",up
42,240,"[2, 2, 4, 16, 2, 4, 8, 32, 0, 0, 2, 4, 0, 0, 0, 16]",up
43,244,"[2, 4, 4, 16, 2, 4, 8, 32, 0, 0, 2, 4, 0, 0, 0, 16]",right
44,252,"[0, 2, 8, 16, 2, 4, 8, 32, 0, 0, 2, 4, 0, 0, 2, 16]",right
45,272,"[2, 2, 16, 16, 0, 4, 4, 32, 0, 0, 0, 4, 0, 2, 0, 16]",up
46,316,"[0, 0, 4, 32, 0, 0, 8, 32, 0, 0, 0, 4, 2, 0, 2, 16]",right
47,380,"[0, 0, 4, 0, 0, 0, 4, 64, 0, 0, 8, 4, 2, 0, 2, 16]",down
48,388,"[0, 0, 0, 2, 0, 0, 8, 64, 0, 0, 8, 4, 2, 0, 2, 16]",down
49,392,"[0, 0, 2, 2, 0, 0, 8, 64, 0, 0, 8, 4, 0, 0, 4, 16]",right
50,408,"[0, 0, 0, 2, 2, 0, 2, 64, 0, 0, 16, 4, 0, 0, 4, 16]",down
51,412,"[0, 0, 0, 2, 0, 0, 4, 64, 0, 0, 16, 4, 4, 0, 4, 16]",right
52,420,"[0, 0, 0, 2, 0, 2, 4, 64, 0, 0, 16, 4, 0, 0, 8, 16]",right
53,420,"[0, 2, 4, 2, 0, 0, 16, 64, 0, 0, 8, 4, 2, 0, 0, 16]",up
54,420,"[0, 2, 4, 2, 0, 0, 16, 64, 0, 2, 8, 4, 0, 0, 2, 16]",right
55,424,"[0, 0, 4, 2, 0, 2, 16, 64, 0, 0, 8, 4, 0, 4, 2, 16]",down
56,424,"[0, 2, 4, 2, 0, 4, 16, 64, 0, 2, 8, 4, 0, 0, 2, 16]",up
57,424,"[0, 2, 4, 2, 0, 2, 16, 64, 0, 4, 8, 4, 0, 2, 2, 16]",down
58,428,"[0, 2, 4, 2, 0, 2, 16, 64, 0, 4, 8, 4, 0, 2, 4, 16]",right
59,432,"[0, 4, 4, 2, 0, 4, 16, 64, 0, 2, 8, 4, 2, 0, 4, 16]",up
60,440,"[2, 8, 4, 2, 0, 2, 16, 64, 4, 0, 8, 4, 0, 0, 4, 16]",up
61,440,"[2, 8, 4, 2, 4, 2, 16, 64, 0, 0, 8, 4, 0, 2, 4, 16]",up
62,440,"[2, 8, 4, 2, 4, 2, 16, 64, 8, 4, 0, 4, 2, 4, 16, 0]",left
63,480,"[2, 8, 4, 2, 4, 2, 32, 64, 8, 8, 0, 4, 2, 0, 0, 4]",up
64,496,"[2, 8, 4, 2, 4, 2, 32, 64, 16, 4, 2, 0, 2, 4, 0, 0]",left
65,496,"[2, 8, 4, 2, 4, 2, 32, 64, 0, 16, 4, 2, 0, 2, 2, 4]",right
66,500,"[2, 8, 4, 2, 4, 2, 32, 64, 16, 4, 2, 0, 4, 4, 4, 0]",left
67,508,"[2, 8, 4, 2, 4, 2, 32, 64, 16, 8, 2, 0, 4, 2, 4, 0]",up
1,0,"[2, 0, 0, 0, 0, 0, 0, 0, 0, 0, 0, 0, 2, 0, 0, 0]",up
2,0,"[2, 0, 0, 2, 0, 0, 0, 0, 0, 0, 0, 0, 0, 0, 0, 2]",right
3,4,"[4, 0, 0, 0, 0, 0, 0, 0, 0, 0, 0, 0, 2, 0, 2, 0]",left
4,8,"[0, 0, 0, 4, 0, 0, 0, 2, 0, 0, 0, 0, 0, 0, 0, 4]",right
5,8,"[4, 0, 0, 0, 2, 4, 0, 0, 0, 0, 0, 0, 4, 0, 0, 0]",left
6,8,"[0, 0, 0, 0, 4, 0, 0, 0, 2, 2, 0, 0, 4, 4, 0, 0]",down
7,20,"[0, 0, 0, 0, 0, 0, 0, 4, 0, 0, 0, 4, 0, 0, 2, 8]",right
8,20,"[0, 0, 0, 2, 4, 0, 0, 0, 4, 0, 0, 0, 2, 8, 0, 0]",left
9,20,"[0, 0, 0, 2, 0, 0, 2, 4, 0, 0, 0, 4, 0, 0, 2, 8]",right
10,20,"[2, 0, 2, 0, 2, 4, 0, 0, 4, 0, 0, 0, 2, 8, 0, 0]",left
11,24,"[4, 0, 0, 0, 2, 4, 0, 0, 4, 0, 0, 2, 2, 8, 0, 0]",left
12,24,"[4, 2, 0, 0, 2, 4, 0, 0, 4, 2, 0, 0, 2, 8, 0, 0]",left
13,24,"[0, 0, 4, 2, 0, 0, 2, 4, 0, 0, 4, 2, 0, 2, 2, 8]",right
14,28,"[4, 2, 0, 0, 2, 4, 0, 0, 4, 2, 0, 2, 4, 8, 0, 0]",left
15,32,"[0, 0, 4, 2, 0, 0, 2, 4, 0, 0, 4, 4, 2, 0, 4, 8]",right
16,40,"[4, 2, 2, 0, 2, 4, 0, 0, 8, 0, 0, 0, 2, 4, 8, 0]",left
17,44,"[0, 0, 4, 4, 0, 2, 2, 4, 0, 0, 0, 8, 0, 2, 4, 8]",right
18,52,"[8, 0, 0, 0, 2, 2, 4, 2, 8, 0, 0, 0, 2, 4, 8, 0]",left
19,56,"[8, 2, 0, 0, 4, 4, 2, 0, 8, 0, 0, 0, 2, 4, 8, 0]",left
20,64,"[0, 0, 8, 2, 0, 4, 8, 2, 0, 0, 0, 8, 0, 2, 4, 8]",right
21,64,"[8, 2, 0, 0, 4, 8, 2, 0, 8, 0, 2, 0, 2, 4, 8, 0]",left
22,64,"[0, 0, 8, 2, 0, 4, 8, 2, 0, 0, 8, 2, 4, 2, 4, 8]",right
23,64,"[8, 2, 0, 0, 4, 8, 2, 0, 8, 2, 0, 2, 4, 2, 4, 8]",left
24,68,"[0, 0, 8, 2, 0, 4, 8, 2, 0, 2, 8, 4, 4, 2, 4, 8]",right
25,92,"[4, 4, 16, 4, 0, 4, 8, 4, 0, 0, 4, 8, 2, 0, 0, 0]",up
26,108,"[4, 8, 16, 8, 2, 0, 8, 8, 0, 0, 4, 0, 0, 0, 2, 0]",up
27,124,"[4, 8, 16, 16, 2, 0, 8, 0, 0, 4, 4, 0, 0, 0, 2, 0]",up
28,164,"[0, 4, 8, 32, 2, 0, 2, 8, 0, 0, 0, 8, 0, 0, 0, 2]",right
29,180,"[2, 4, 8, 32, 0, 4, 2, 16, 0, 0, 0, 2, 0, 0, 0, 0]",up
30,188,"[0, 0, 0, 2, 0, 0, 0, 32, 0, 0, 8, 16, 2, 8, 2, 2]",down
31,192,"[0, 0, 0, 2, 0, 0, 2, 32, 0, 0, 8, 16, 0, 2, 8, 4]",right
32,192,"[2, 0, 0, 0, 2, 32, 2, 0, 8, 16, 0, 0, 2, 8, 4, 0]",left
33,192,"[0, 0, 0, 2, 0, 2, 32, 2, 0, 0, 8, 16, 2, 2, 8, 4]",right
34,196,"[2, 0, 0, 0, 2, 32, 2, 0, 8, 16, 2, 0, 4, 8, 4, 0]",left
35,196,"[0, 0, 0, 2, 0, 2, 32, 2, 4, 8, 16, 2, 0, 4, 8, 4]",right
36,196,"[2, 0, 0, 0, 2, 32, 2, 2, 4, 8, 16, 2, 4, 8, 4, 0]",left
37,200,"[0, 0, 0, 2, 2, 2, 32, 4, 4, 8, 16, 2, 0, 4, 8, 4]",right
38,204,"[0, 0, 0, 2, 0, 4, 32, 4, 4, 8, 16, 2, 2, 4, 8, 4]",right
39,204,"[2, 2, 0, 0, 4, 32, 4, 0, 4, 8, 16, 2, 2, 4, 8, 4]",left
40,208,"[4, 2, 0, 0, 4, 32, 4, 0, 4, 8, 16, 2, 2, 4, 8, 4]",left
41,216,"[8, 2, 4, 2, 4, 32, 16, 4, 2, 8, 8, 0, 0, 4, 4, 0]",up
42,240,"[8, 2, 4, 2, 4, 32, 16, 4, 2, 16, 0, 2, 8, 0, 0, 0]",left
43,240,"[8, 2, 4, 2, 4, 32, 16, 4, 2, 16, 2, 0, 8, 0, 0, 4]",left
44,240,"[8, 2, 4, 2, 4, 32, 16, 4, 2, 16, 2, 0, 8, 4, 2, 0]",left
45,240,"[8, 2, 4, 2, 4, 32, 16, 4, 4, 2, 16, 2, 0, 8, 4, 2]",right
46,280,"[0, 2, 2, 2, 0, 32, 4, 4, 8, 2, 32, 2, 8, 8, 4, 2]",down
47,292,"[4, 2, 0, 0, 32, 8, 4, 0, 8, 2, 32, 2, 8, 8, 4, 2]",left
1,0,"[0, 2, 0, 0, 0, 0, 0, 0, 0, 0, 0, 0, 2, 0, 0, 0]",left
2,0,"[2, 2, 0, 0, 0, 0, 0, 0, 0, 0, 2, 0, 0, 0, 0, 0]",up
3,0,"[2, 0, 0, 0, 0, 0, 0, 0, 0, 0, 0, 0, 2, 2, 2, 0]",down
4,4,"[0, 0, 2, 0, 0, 0, 0, 0, 0, 0, 0, 0, 4, 2, 2, 0]",down
5,8,"[4, 2, 4, 2, 0, 0, 0, 0, 0, 0, 0, 0, 0, 0, 0, 0]",up
6,8,"[0, 0, 0, 0, 0, 0, 2, 0, 0, 0, 0, 0, 4, 2, 4, 2]",down
7,8,"[4, 2, 2, 2, 0, 0, 4, 0, 2, 0, 0, 0, 0, 0, 0, 0]",up
8,8,"[0, 0, 0, 0, 0, 2, 0, 0, 4, 0, 2, 0, 2, 2, 4, 2]",down
9,12,"[4, 4, 2, 2, 2, 2, 4, 0, 0, 0, 0, 0, 0, 0, 0, 0]",up
10,12,"[0, 0, 0, 2, 0, 0, 0, 0, 4, 4, 2, 0, 2, 2, 4, 2]",down
11,16,"[4, 4, 2, 4, 2, 2, 4, 0, 2, 0, 0, 0, 0, 0, 0, 0]",up
12,20,"[0, 0, 0, 0, 2, 0, 0, 0, 4, 4, 2, 0, 4, 2, 4, 4]",down
13,28,"[2, 4, 2, 4, 8, 2, 4, 0, 0, 0, 0, 0, 0, 0, 2, 0]",up
14,28,"[0, 0, 0, 0, 0, 0, 2, 0, 2, 4, 4, 2, 8, 2, 2, 4]",down
15,28,"[2, 4, 2, 2, 8, 2, 4, 4, 0, 0, 2, 0, 0, 2, 0, 0]",up
16,32,"[0, 0, 4, 0, 0, 0, 2, 0, 2, 4, 4, 2, 8, 4, 2, 4]",down
17,40,"[2, 8, 4, 2, 8, 0, 2, 4, 0, 0, 4, 0, 0, 2, 2, 0]",up
18,40,"[0, 0, 4, 0, 0, 2, 2, 0, 2, 8, 4, 2, 8, 2, 2, 4]",down
19,48,"[4, 0, 2, 0, 4, 0, 0, 0, 2, 8, 4, 2, 8, 4, 4, 0]",left
20,64,"[0, 0, 0, 0, 8, 0, 0, 2, 2, 8, 2, 0, 8, 4, 8, 2]",down
21,64,"[0, 0, 2, 0, 8, 2, 0, 0, 2, 8, 2, 0, 8, 4, 8, 2]",left
22,64,"[2, 0, 2, 0, 8, 2, 0, 0, 2, 8, 2, 0, 8, 4, 8, 2]",left
23,68,"[4, 0, 0, 0, 8, 2, 0, 2, 2, 8, 2, 0, 8, 4, 8, 2]",left
24,72,"[4, 0, 0, 0, 8, 4, 2, 0, 2, 8, 2, 0, 8, 4, 8, 2]",left
25,76,"[4, 0, 0, 2, 8, 4, 0, 0, 2, 8, 4, 0, 8, 4, 8, 2]",down
26,80,"[4, 4, 4, 4, 8, 8, 8, 0, 2, 4, 0, 2, 8, 0, 0, 0]",up
27,112,"[8, 8, 0, 0, 16, 8, 0, 2, 2, 4, 2, 0, 8, 0, 0, 0]",left
28,128,"[16, 0, 0, 0, 16, 8, 2, 0, 2, 4, 2, 0, 8, 0, 2, 0]",left
29,164,"[32, 8, 4, 0, 2, 4, 2, 0, 8, 0, 0, 0, 0, 2, 0, 0]",up
30,164,"[32, 8, 4, 0, 2, 4, 2, 0, 8, 2, 0, 0, 0, 0, 0, 2]",up
31,164,"[32, 8, 4, 2, 2, 4, 2, 0, 8, 2, 0, 2, 0, 0, 0, 0]",up
32,168,"[0, 0, 2, 0, 32, 8, 0, 0, 2, 4, 4, 0, 8, 2, 2, 4]",down
33,168,"[32, 8, 2, 4, 2, 4, 4, 0, 8, 2, 2, 0, 0, 0, 4, 0]",up
34,180,"[32, 8, 2, 4, 2, 8, 0, 0, 8, 4, 0, 0, 4, 0, 0, 2]",left
35,180,"[32, 8, 2, 4, 2, 8, 0, 0, 8, 4, 0, 0, 4, 2, 0, 4]",left
36,204,"[32, 16, 2, 8, 2, 4, 0, 0, 8, 2, 0, 0, 4, 0, 4, 0]",up
37,212,"[32, 16, 2, 8, 2, 4, 0, 0, 8, 2, 0, 0, 8, 0, 2, 0]",left
38,232,"[32, 16, 4, 8, 2, 4, 0, 0, 16, 2, 0, 0, 0, 2, 0, 0]",up
39,236,"[0, 0, 2, 0, 32, 16, 0, 0, 2, 4, 0, 0, 16, 4, 4, 8]",down
40,244,"[32, 16, 2, 8, 2, 8, 4, 0, 16, 0, 0, 0, 0, 0, 2, 0]",up
41,244,"[2, 0, 0, 0, 32, 0, 2, 0, 2, 16, 4, 0, 16, 8, 2, 8]",down
42,244,"[2, 16, 2, 8, 32, 8, 4, 0, 2, 0, 2, 0, 16, 0, 2, 0]",up
43,248,"[2, 16, 2, 8, 32, 8, 4, 0, 2, 0, 4, 0, 16, 4, 0, 0]",up
44,248,"[2, 16, 2, 8, 32, 8, 4, 2, 2, 4, 0, 0, 16, 4, 0, 0]",left
45,256,"[2, 16, 2, 8, 32, 8, 4, 2, 2, 8, 0, 0, 16, 0, 2, 0]",up
46,256,"[2, 16, 2, 8, 32, 8, 4, 2, 2, 8, 0, 0, 16, 2, 0, 2]",left
47,260,"[2, 16, 2, 8, 32, 8, 4, 2, 2, 8, 0, 2, 16, 4, 0, 0]",left
48,260,"[2, 16, 2, 8, 32, 8, 4, 2, 2, 8, 2, 0, 16, 4, 2, 0]",left
1,0,"[0, 0, 0, 0, 0, 0, 0, 0, 0, 4, 0, 2, 0, 0, 0, 0]",right
2,0,"[0, 0, 0, 0, 0, 0, 0, 0, 4, 2, 0, 0, 0, 0, 2, 0]",left
3,0,"[0, 0, 2, 0, 0, 0, 0, 0, 0, 0, 4, 2, 0, 0, 0, 2]",right
4,0,"[2, 0, 0, 0, 0, 2, 0, 0, 4, 2, 0, 0, 2, 0, 0, 0]",left
5,0,"[0, 0, 0, 2, 0, 0, 0, 2, 0, 0, 4, 2, 0, 2, 0, 2]",right
6,8,"[0, 2, 4, 4, 2, 0, 0, 4, 0, 0, 0, 0, 0, 0, 0, 0]",up
7,16,"[2, 8, 0, 0, 2, 4, 0, 0, 0, 0, 0, 0, 0, 2, 0, 0]",left
8,20,"[4, 8, 0, 0, 0, 4, 0, 0, 0, 2, 2, 0, 0, 0, 0, 0]",up
9,24,"[4, 8, 2, 0, 4, 0, 0, 0, 4, 0, 0, 0, 0, 0, 0, 0]",left
10,24,"[0, 4, 8, 2, 0, 2, 0, 4, 0, 0, 0, 4, 0, 0, 0, 0]",right
11,24,"[0, 4, 8, 2, 0, 0, 2, 4, 0, 2, 0, 4, 0, 0, 0, 0]",right
12,24,"[2, 4, 8, 2, 0, 0, 2, 4, 0, 0, 2, 4, 0, 0, 0, 0]",right
13,26,"[0, 0, 2, 0, 0, 0, 0, 2, 0, 0, 8, 4, 2, 4, 4, 4]",down
14,30,"[0, 0, 0, 0, 0, 0, 2, 0, 2, 0, 8, 2, 2, 4, 4, 8]",down
15,38,"[0, 2, 0, 0, 0, 0, 0, 2, 0, 2, 8, 2, 0, 2, 8, 8]",right
16,54,"[0, 2, 0, 2, 0, 0, 0, 2, 0, 2, 8, 2, 0, 0, 2, 16]",right
17,58,"[0, 2, 0, 0, 0, 0, 0, 2, 0, 0, 8, 4, 0, 4, 2, 16]",down
18,58,"[2, 0, 0, 0, 0, 0, 0, 2, 0, 2, 8, 4, 0, 4, 2, 16]",down
19,58,"[0, 0, 0, 2, 0, 0, 0, 2, 0, 2, 8, 4, 2, 4, 2, 16]",right
20,60,"[4, 0, 0, 0, 0, 0, 0, 4, 0, 2, 8, 4, 2, 4, 2, 16]",down
21,64,"[0, 0, 0, 0, 2, 0, 0, 0, 4, 2, 8, 8, 2, 4, 2, 16]",down
22,80,"[0, 0, 0, 0, 2, 0, 0, 2, 0, 4, 2, 16, 2, 4, 2, 16]",right
23,84,"[0, 0, 0, 2, 0, 0, 0, 4, 0, 4, 2, 16, 2, 4, 2, 16]",right
24,88,"[0, 0, 0, 2, 0, 0, 0, 4, 2, 0, 2, 16, 2, 8, 2, 16]",down
25,92,"[0, 0, 0, 2, 0, 0, 0, 4, 2, 0, 4, 16, 2, 8, 2, 16]",right
26,94,"[0, 0, 0, 2, 0, 0, 0, 4, 0, 2, 4, 16, 4, 8, 2, 16]",down
27,126,"[4, 2, 4, 2, 2, 8, 2, 4, 0, 0, 0, 32, 0, 0, 0, 0]",up
28,126,"[4, 2, 4, 2, 2, 8, 2, 4, 32, 2, 0, 0, 0, 0, 0, 0]",left
29,126,"[0, 0, 0, 0, 4, 2, 2, 0, 2, 8, 4, 2, 32, 2, 2, 4]",down
30,134,"[0, 0, 0, 0, 4, 4, 0, 4, 2, 8, 4, 2, 32, 4, 4, 0]",left
31,150,"[0, 0, 0, 0, 8, 4, 0, 0, 2, 8, 4, 2, 32, 8, 0, 2]",left
32,150,"[0, 0, 0, 0, 8, 4, 2, 0, 2, 8, 4, 2, 32, 8, 2, 0]",left
33,166,"[8, 4, 2, 2, 2, 16, 4, 0, 32, 0, 2, 4, 0, 0, 0, 0]",up
34,170,"[8, 4, 4, 0, 2, 16, 4, 0, 32, 2, 4, 0, 0, 2, 0, 0]",left
35,178,"[8, 8, 2, 0, 2, 16, 4, 0, 32, 2, 4, 0, 2, 0, 0, 0]",left
36,194,"[16, 2, 0, 0, 2, 16, 4, 0, 32, 2, 4, 0, 2, 0, 0, 2]",left
37,198,"[0, 0, 16, 2, 2, 2, 16, 4, 0, 32, 2, 4, 0, 0, 0, 4]",right
38,218,"[0, 0, 0, 0, 2, 0, 0, 2, 0, 2, 32, 4, 2, 32, 2, 8]",down
39,222,"[0, 0, 0, 2, 0, 0, 0, 4, 0, 2, 32, 4, 2, 32, 2, 8]",right
40,226,"[0, 0, 0, 0, 2, 0, 0, 2, 0, 2, 32, 8, 2, 32, 2, 8]",down
41,236,"[0, 0, 0, 0, 0, 2, 0, 0, 0, 2, 32, 2, 4, 32, 2, 16]",down
42,240,"[4, 4, 32, 2, 0, 32, 2, 16, 0, 0, 0, 0, 0, 4, 0, 0]",up
43,248,"[2, 8, 32, 2, 0, 32, 2, 16, 0, 0, 0, 0, 0, 0, 0, 4]",right
44,248,"[2, 8, 32, 2, 32, 2, 16, 0, 0, 0, 0, 0, 4, 0, 2, 0]",left
45,248,"[2, 8, 32, 2, 0, 32, 2, 16, 2, 0, 0, 0, 0, 0, 4, 2]",right
46,248,"[2, 8, 32, 2, 0, 32, 2, 16, 0, 2, 0, 2, 0, 0, 4, 2]",right
47,250,"[0, 0, 0, 2, 0, 8, 32, 2, 0, 32, 2, 16, 2, 2, 4, 4]",down
48,262,"[0, 0, 0, 2, 0, 8, 32, 2, 0, 32, 2, 16, 0, 2, 4, 8]",right
49,266,"[0, 8, 32, 4, 0, 32, 2, 16, 0, 2, 4, 8, 2, 0, 0, 0]",up
50,266,"[0, 8, 32, 4, 0, 32, 2, 16, 2, 2, 4, 8, 0, 0, 0, 2]",right
51,270,"[0, 8, 32, 4, 0, 32, 2, 16, 0, 4, 4, 8, 0, 0, 2, 2]",right
52,270,"[0, 0, 32, 4, 2, 8, 2, 16, 0, 32, 4, 8, 0, 4, 2, 2]",down
53,274,"[32, 4, 0, 4, 2, 8, 2, 16, 32, 4, 8, 0, 4, 4, 0, 0]",left
54,282,"[32, 4, 2, 4, 2, 8, 8, 16, 32, 8, 0, 0, 4, 0, 2, 0]",up
55,298,"[32, 4, 2, 4, 0, 2, 16, 16, 0, 0, 32, 8, 2, 0, 4, 2]",right
56,298,"[0, 0, 2, 4, 0, 2, 16, 16, 32, 4, 32, 8, 2, 2, 4, 2]",down
57,334,"[2, 4, 0, 0, 2, 32, 0, 0, 32, 4, 32, 8, 4, 4, 2, 2]",left
58,346,"[0, 2, 2, 4, 0, 0, 2, 32, 32, 4, 32, 8, 0, 0, 8, 4]",right
59,350,"[32, 2, 4, 4, 0, 4, 32, 32, 0, 2, 8, 8, 0, 0, 0, 4]",up
60,350,"[0, 2, 0, 4, 0, 2, 4, 32, 0, 4, 32, 8, 32, 2, 8, 4]",down
61,350,"[2, 4, 2, 0, 2, 4, 32, 0, 4, 32, 8, 0, 32, 2, 8, 4]",left
62,350,"[2, 2, 4, 2, 0, 2, 4, 32, 0, 4, 32, 8, 32, 2, 8, 4]",right
63,352,"[0, 0, 4, 2, 2, 4, 4, 32, 2, 4, 32, 8, 32, 2, 8, 4]",down
64,360,"[4, 2, 0, 0, 2, 8, 32, 2, 2, 4, 32, 8, 32, 2, 8, 4]",left
65,360,"[0, 2, 4, 2, 2, 8, 32, 2, 2, 4, 32, 8, 32, 2, 8, 4]",right
66,428,"[4, 2, 4, 2, 32, 8, 64, 2, 0, 4, 8, 8, 2, 2, 0, 4]",up
67,430,"[0, 2, 2, 0, 4, 8, 4, 4, 32, 4, 64, 8, 2, 2, 8, 4]",down
68,442,"[4, 0, 0, 0, 4, 8, 8, 2, 32, 4, 64, 8, 2, 2, 8, 4]",left
69,462,"[0, 4, 0, 4, 0, 4, 16, 2, 32, 4, 64, 8, 0, 4, 8, 4]",right
70,470,"[8, 0, 4, 0, 4, 16, 2, 0, 32, 4, 64, 8, 4, 8, 4, 0]",left
71,470,"[0, 0, 8, 4, 0, 4, 16, 2, 32, 4, 64, 8, 2, 4, 8, 4]",right
72,474,"[0, 0, 8, 4, 2, 0, 16, 2, 32, 4, 64, 8, 2, 8, 8, 4]",down
73,490,"[8, 4, 0, 2, 2, 16, 2, 0, 32, 4, 64, 8, 2, 16, 4, 0]",left
74,490,"[0, 8, 4, 2, 0, 2, 16, 2, 32, 4, 64, 8, 2, 2, 16, 4]",right
75,494,"[32, 8, 4, 4, 2, 2, 16, 8, 0, 4, 64, 4, 2, 2, 16, 0]",up
76,496,"[2, 8, 4, 0, 0, 2, 16, 4, 32, 4, 64, 8, 4, 2, 16, 4]",down
77,496,"[2, 8, 4, 2, 2, 16, 4, 0, 32, 4, 64, 8, 4, 2, 16, 4]",left
78,496,"[2, 8, 4, 2, 2, 2, 16, 4, 32, 4, 64, 8, 4, 2, 16, 4]",right
79,500,"[4, 8, 4, 2, 32, 2, 16, 4, 4, 4, 64, 8, 2, 2, 16, 4]",up
80,512,"[4, 8, 4, 2, 32, 2, 16, 4, 8, 64, 8, 2, 4, 16, 4, 0]",left
81,512,"[4, 8, 4, 2, 32, 2, 16, 2, 8, 64, 8, 4, 4, 16, 4, 2]",down
82,516,"[4, 8, 4, 4, 32, 2, 16, 4, 8, 64, 8, 2, 4, 16, 4, 2]",up
83,524,"[4, 8, 8, 2, 32, 2, 16, 4, 8, 64, 8, 2, 4, 16, 4, 2]",left
84,526,"[4, 8, 8, 2, 32, 2, 16, 2, 8, 64, 8, 4, 4, 16, 4, 4]",down
85,550,"[4, 16, 2, 2, 32, 2, 16, 2, 8, 64, 8, 4, 4, 16, 8, 0]",left
86,554,"[0, 4, 16, 4, 32, 2, 16, 2, 8, 64, 8, 4, 2, 4, 16, 8]",right
87,586,"[32, 4, 32, 4, 8, 2, 8, 2, 2, 64, 16, 4, 2, 4, 0, 8]",up
88,586,"[32, 4, 32, 4, 8, 2, 8, 2, 2, 64, 16, 4, 2, 4, 8, 2]",left
89,588,"[2, 4, 32, 4, 32, 2, 8, 2, 8, 64, 16, 4, 4, 4, 8, 2]",down
90,596,"[2, 4, 32, 4, 32, 2, 8, 2, 8, 64, 16, 4, 8, 8, 2, 2]",left
91,616,"[2, 4, 32, 4, 32, 2, 8, 2, 8, 64, 16, 4, 2, 0, 16, 4]",right
92,656,"[2, 4, 32, 4, 32, 2, 8, 2, 8, 64, 32, 8, 2, 0, 0, 2]",up
93,660,"[2, 4, 32, 4, 32, 2, 8, 2, 8, 64, 32, 8, 4, 2, 0, 0]",left
94,660,"[2, 4, 2, 0, 32, 2, 32, 4, 8, 64, 8, 2, 4, 2, 32, 8]",down
95,660,"[2, 2, 4, 2, 32, 2, 32, 4, 8, 64, 8, 2, 4, 2, 32, 8]",right
96,664,"[2, 4, 4, 2, 32, 64, 32, 4, 8, 2, 8, 2, 4, 2, 32, 8]",up
97,672,"[2, 8, 2, 2, 32, 64, 32, 4, 8, 2, 8, 2, 4, 2, 32, 8]",left
98,676,"[2, 2, 8, 4, 32, 64, 32, 4, 8, 2, 8, 2, 4, 2, 32, 8]",right
99,682,"[2, 0, 8, 2, 32, 2, 32, 8, 8, 64, 8, 2, 4, 4, 32, 8]",down
100,690,"[2, 8, 2, 2, 32, 2, 32, 8, 8, 64, 8, 2, 8, 32, 8, 0]",left
101,694,"[2, 2, 8, 4, 32, 2, 32, 8, 8, 64, 8, 2, 0, 8, 32, 8]",right
102,698,"[2, 4, 8, 4, 32, 64, 32, 8, 8, 8, 8, 2, 0, 2, 32, 8]",up
103,714,"[2, 4, 8, 4, 32, 64, 32, 8, 16, 8, 2, 0, 2, 32, 8, 2]",left
104,714,"[2, 4, 8, 4, 32, 64, 32, 8, 2, 16, 8, 2, 2, 32, 8, 2]",right
105,716,"[2, 4, 8, 4, 2, 64, 32, 8, 32, 16, 8, 2, 4, 32, 8, 2]",down
106,740,"[4, 4, 8, 4, 32, 64, 32, 8, 4, 16, 16, 4, 0, 32, 0, 2]",up
107,780,"[8, 8, 4, 0, 32, 64, 32, 8, 4, 32, 4, 0, 32, 2, 0, 2]",left
108,780,"[8, 8, 2, 0, 32, 64, 4, 0, 4, 32, 32, 8, 32, 2, 4, 2]",down
109,860,"[16, 2, 0, 0, 32, 64, 4, 0, 4, 64, 8, 2, 32, 2, 4, 2]",left
110,860,"[2, 0, 16, 2, 0, 32, 64, 4, 4, 64, 8, 2, 32, 2, 4, 2]",right
111,864,"[2, 32, 16, 2, 4, 64, 64, 4, 32, 2, 8, 4, 0, 0, 4, 2]",up
112,992,"[2, 32, 16, 2, 4, 128, 4, 0, 32, 2, 8, 4, 4, 2, 2, 0]",left
113,994,"[2, 2, 16, 0, 4, 32, 4, 0, 32, 128, 8, 2, 4, 4, 2, 4]",down
114,1006,"[0, 0, 4, 16, 0, 4, 32, 4, 32, 128, 8, 2, 2, 8, 2, 4]",right
115,1006,"[4, 16, 2, 0, 4, 32, 4, 0, 32, 128, 8, 2, 2, 8, 2, 4]",left
116,1006,"[0, 4, 16, 2, 2, 4, 32, 4, 32, 128, 8, 2, 2, 8, 2, 4]",right
1,0,"[0, 0, 0, 0, 2, 0, 0, 0, 0, 0, 0, 2, 0, 0, 0, 0]",left
2,0,"[0, 0, 0, 0, 0, 0, 2, 2, 0, 0, 0, 2, 0, 0, 0, 0]",right
3,4,"[0, 0, 0, 0, 4, 2, 0, 0, 2, 0, 0, 0, 0, 0, 0, 0]",left
4,4,"[2, 0, 0, 0, 0, 0, 4, 2, 0, 0, 0, 2, 0, 0, 0, 0]",right
5,8,"[2, 0, 4, 4, 0, 0, 0, 0, 4, 0, 0, 0, 0, 0, 0, 0]",up
6,16,"[2, 8, 0, 0, 0, 0, 0, 2, 4, 0, 0, 0, 0, 0, 0, 0]",left
7,16,"[0, 0, 2, 8, 0, 0, 0, 2, 0, 0, 0, 4, 0, 2, 0, 0]",right
8,16,"[0, 0, 0, 0, 0, 0, 0, 8, 0, 2, 0, 2, 0, 2, 2, 4]",down
9,24,"[0, 0, 0, 0, 8, 0, 0, 0, 4, 4, 0, 0, 4, 4, 0, 0]",left
10,40,"[0, 0, 0, 0, 0, 0, 0, 8, 0, 0, 0, 8, 0, 2, 0, 8]",right
11,40,"[0, 0, 0, 0, 8, 0, 0, 0, 8, 0, 0, 0, 2, 8, 2, 0]",left
12,40,"[0, 2, 0, 0, 0, 0, 0, 8, 0, 0, 0, 8, 0, 2, 8, 2]",right
13,50,"[0, 0, 2, 0, 0, 0, 0, 0, 0, 0, 0, 16, 0, 4, 8, 2]",down
14,50,"[0, 0, 0, 2, 0, 0, 0, 0, 0, 0, 4, 16, 0, 4, 8, 2]",right
15,50,"[0, 4, 4, 2, 0, 0, 8, 16, 0, 0, 0, 2, 0, 0, 0, 2]",up
16,58,"[0, 0, 8, 2, 0, 0, 8, 16, 2, 0, 0, 2, 0, 0, 0, 2]",right
17,62,"[0, 0, 8, 2, 0, 0, 8, 16, 2, 0, 0, 4, 0, 0, 0, 2]",right
18,70,"[0, 0, 2, 2, 0, 0, 0, 16, 0, 0, 0, 4, 2, 0, 16, 2]",down
19,70,"[0, 2, 0, 2, 0, 0, 0, 16, 0, 0, 2, 4, 2, 0, 16, 2]",down
20,70,"[4, 0, 0, 2, 0, 0, 0, 16, 0, 0, 2, 4, 2, 2, 16, 2]",down
21,74,"[0, 2, 4, 2, 0, 0, 0, 16, 0, 0, 2, 4, 0, 4, 16, 2]",right
22,74,"[0, 2, 0, 2, 0, 0, 4, 16, 0, 2, 2, 4, 0, 4, 16, 2]",down
23,76,"[0, 0, 0, 2, 2, 0, 4, 16, 0, 4, 2, 4, 0, 4, 16, 2]",down
24,76,"[0, 0, 0, 2, 2, 2, 4, 16, 0, 4, 2, 4, 0, 4, 16, 2]",right
25,80,"[0, 2, 0, 2, 0, 0, 4, 16, 0, 2, 2, 4, 2, 8, 16, 2]",down
26,82,"[0, 2, 0, 2, 0, 0, 4, 16, 0, 4, 2, 4, 2, 8, 16, 2]",down
1,0,"[0, 0, 0, 0, 0, 2, 0, 0, 0, 0, 0, 0, 0, 0, 0, 4]",down
2,0,"[0, 0, 0, 0, 2, 0, 0, 0, 0, 0, 0, 2, 4, 0, 0, 0]",left
3,0,"[0, 0, 0, 0, 4, 0, 0, 2, 0, 0, 0, 2, 0, 0, 0, 4]",right
4,2,"[0, 0, 0, 0, 0, 0, 0, 2, 0, 0, 0, 4, 4, 0, 0, 4]",down
5,6,"[0, 0, 2, 0, 0, 0, 0, 0, 0, 0, 0, 2, 4, 0, 0, 8]",down
6,6,"[0, 2, 0, 2, 0, 0, 0, 0, 0, 0, 0, 2, 0, 0, 4, 8]",right
7,8,"[0, 0, 0, 0, 0, 0, 0, 2, 0, 0, 0, 4, 0, 2, 4, 8]",down
8,8,"[2, 2, 4, 2, 0, 0, 0, 4, 0, 0, 0, 8, 0, 0, 0, 0]",up
9,12,"[0, 4, 4, 2, 0, 0, 2, 4, 0, 0, 0, 8, 0, 0, 0, 0]",right
10,20,"[0, 0, 8, 2, 0, 0, 2, 4, 0, 2, 0, 8, 0, 0, 0, 0]",right
11,20,"[0, 0, 8, 2, 0, 0, 2, 4, 0, 0, 2, 8, 0, 0, 0, 2]",right
12,22,"[0, 0, 0, 2, 0, 0, 0, 4, 0, 0, 8, 8, 0, 2, 4, 2]",down
13,38,"[2, 0, 0, 2, 0, 0, 0, 4, 0, 0, 0, 16, 0, 2, 4, 2]",right
14,42,"[0, 0, 2, 4, 0, 0, 0, 4, 0, 0, 0, 16, 0, 2, 4, 2]",right
15,46,"[0, 0, 0, 0, 0, 0, 0, 8, 0, 0, 2, 16, 2, 2, 4, 2]",down
16,46,"[2, 2, 2, 8, 0, 0, 4, 16, 2, 0, 0, 2, 0, 0, 0, 0]",up
17,54,"[0, 2, 4, 8, 0, 0, 4, 16, 0, 0, 0, 4, 0, 0, 0, 2]",right
18,62,"[0, 2, 8, 8, 0, 0, 0, 16, 0, 0, 0, 4, 0, 0, 2, 2]",up
19,82,"[0, 0, 2, 16, 0, 0, 2, 16, 0, 0, 0, 4, 0, 0, 0, 4]",right
20,104,"[0, 0, 0, 0, 0, 0, 0, 0, 0, 0, 0, 32, 2, 0, 4, 8]",down
21,104,"[0, 0, 0, 0, 0, 0, 0, 0, 2, 0, 0, 32, 0, 2, 4, 8]",right
22,104,"[0, 0, 0, 0, 0, 0, 0, 0, 2, 0, 2, 32, 0, 2, 4, 8]",right
23,104,"[2, 0, 0, 0, 0, 0, 0, 0, 0, 0, 2, 32, 2, 2, 4, 8]",down
24,108,"[0, 0, 0, 2, 0, 0, 0, 0, 0, 2, 2, 32, 0, 4, 4, 8]",right
25,120,"[0, 0, 0, 2, 0, 0, 0, 0, 0, 0, 4, 32, 2, 0, 8, 8]",right
26,136,"[0, 0, 0, 2, 0, 2, 0, 0, 0, 0, 4, 32, 0, 0, 2, 16]",right
27,136,"[0, 0, 0, 0, 0, 0, 2, 2, 0, 0, 4, 32, 0, 2, 2, 16]",down
28,144,"[0, 0, 0, 0, 0, 0, 0, 4, 0, 0, 4, 32, 0, 2, 4, 16]",right
29,152,"[0, 2, 8, 4, 0, 0, 0, 32, 0, 0, 0, 16, 0, 2, 0, 0]",up
30,152,"[0, 2, 8, 4, 0, 0, 0, 32, 0, 0, 0, 16, 2, 0, 0, 2]",right
31,156,"[0, 2, 8, 4, 0, 0, 0, 32, 0, 0, 0, 16, 0, 2, 0, 4]",right
32,156,"[0, 2, 8, 4, 0, 0, 0, 32, 0, 2, 0, 16, 0, 0, 2, 4]",right
33,160,"[0, 4, 8, 4, 0, 2, 2, 32, 0, 0, 0, 16, 0, 0, 0, 4]",up
34,164,"[4, 8, 4, 0, 4, 32, 0, 0, 16, 0, 0, 0, 4, 0, 0, 2]",left
35,172,"[8, 8, 4, 2, 16, 32, 0, 0, 4, 0, 2, 0, 0, 0, 0, 0]",up
36,188,"[16, 4, 2, 0, 16, 32, 0, 0, 4, 2, 0, 2, 0, 0, 0, 0]",left
37,204,"[2, 0, 0, 0, 0, 4, 0, 0, 32, 32, 0, 0, 4, 2, 2, 2]",down
38,272,"[0, 0, 0, 2, 0, 0, 2, 4, 0, 0, 0, 64, 0, 4, 2, 4]",right
39,276,"[0, 4, 4, 2, 0, 0, 2, 4, 0, 0, 0, 64, 0, 0, 0, 4]",up
40,284,"[0, 0, 8, 2, 0, 0, 2, 4, 0, 0, 0, 64, 0, 0, 2, 4]",right
41,286,"[0, 0, 0, 2, 4, 0, 0, 4, 0, 0, 8, 64, 0, 0, 4, 4]",down
42,302,"[0, 0, 0, 2, 0, 0, 0, 8, 0, 0, 8, 64, 2, 0, 0, 8]",right
43,302,"[4, 0, 0, 2, 0, 0, 0, 8, 0, 0, 0, 64, 2, 0, 8, 8]",down
44,318,"[0, 0, 4, 2, 0, 2, 0, 8, 0, 0, 0, 64, 0, 0, 2, 16]",right
45,318,"[2, 0, 4, 2, 0, 0, 2, 8, 0, 0, 0, 64, 0, 0, 2, 16]",right
46,322,"[2, 0, 4, 2, 0, 0, 4, 8, 0, 2, 0, 64, 0, 0, 0, 16]",up
47,330,"[2, 2, 8, 2, 0, 0, 0, 8, 2, 0, 0, 64, 0, 0, 0, 16]",up
48,332,"[0, 0, 0, 2, 0, 0, 0, 8, 0, 0, 2, 64, 4, 2, 8, 16]",down
49,332,"[4, 2, 2, 2, 0, 0, 8, 8, 0, 0, 0, 64, 0, 2, 0, 16]",up
50,352,"[2, 4, 2, 4, 0, 0, 0, 16, 0, 0, 0, 64, 0, 0, 2, 16]",right
51,356,"[2, 4, 4, 4, 0, 2, 0, 16, 0, 0, 0, 64, 0, 0, 0, 16]",up
52,364,"[0, 2, 4, 8, 0, 0, 2, 16, 0, 2, 0, 64, 0, 0, 0, 16]",right
53,364,"[0, 2, 4, 8, 2, 0, 2, 16, 0, 0, 2, 64, 0, 0, 0, 16]",right
54,368,"[2, 2, 4, 8, 0, 2, 4, 16, 0, 0, 0, 64, 0, 0, 0, 16]",up
55,380,"[2, 4, 8, 8, 0, 2, 0, 16, 0, 0, 0, 64, 0, 0, 0, 16]",up
56,396,"[0, 2, 4, 16, 0, 0, 2, 16, 4, 0, 0, 64, 0, 0, 0, 16]",right
57,412,"[0, 0, 0, 0, 0, 2, 0, 32, 0, 0, 4, 64, 4, 2, 2, 16]",down
58,414,"[0, 0, 0, 0, 0, 0, 0, 32, 4, 0, 4, 64, 4, 4, 2, 16]",down
59,430,"[0, 2, 0, 0, 0, 0, 0, 32, 0, 0, 8, 64, 0, 8, 2, 16]",right
60,430,"[0, 0, 0, 2, 2, 0, 0, 32, 0, 0, 8, 64, 0, 8, 2, 16]",right
61,430,"[2, 8, 8, 2, 0, 0, 2, 32, 2, 0, 0, 64, 0, 0, 0, 16]",up
62,432,"[0, 0, 0, 2, 0, 0, 0, 32, 2, 0, 8, 64, 4, 8, 2, 16]",down
63,432,"[2, 0, 0, 0, 32, 0, 0, 2, 2, 8, 64, 0, 4, 8, 2, 16]",left
64,448,"[2, 16, 64, 2, 32, 0, 2, 16, 2, 0, 2, 0, 4, 0, 0, 0]",up
65,452,"[2, 16, 64, 2, 0, 32, 2, 16, 0, 0, 0, 4, 0, 2, 0, 4]",right
66,456,"[0, 2, 0, 0, 0, 16, 0, 2, 0, 32, 64, 16, 2, 2, 2, 8]",down
67,460,"[2, 0, 0, 0, 16, 2, 0, 2, 32, 64, 16, 0, 4, 2, 8, 0]",left
68,464,"[0, 0, 0, 2, 4, 0, 16, 4, 0, 32, 64, 16, 0, 4, 2, 8]",right
69,464,"[0, 0, 2, 2, 0, 0, 16, 4, 0, 32, 64, 16, 4, 4, 2, 8]",down
70,476,"[4, 0, 0, 0, 16, 4, 0, 2, 32, 64, 16, 0, 8, 2, 8, 0]",left
71,476,"[4, 4, 16, 2, 16, 64, 8, 0, 32, 2, 2, 0, 8, 0, 0, 0]",up
72,488,"[0, 8, 16, 2, 0, 16, 64, 8, 0, 2, 32, 4, 0, 0, 0, 8]",right
73,488,"[0, 0, 2, 2, 0, 8, 16, 8, 0, 16, 64, 4, 0, 2, 32, 8]",down
74,492,"[4, 2, 0, 0, 8, 16, 8, 0, 16, 64, 4, 0, 2, 32, 8, 0]",left
75,492,"[4, 2, 8, 0, 8, 16, 4, 2, 16, 64, 8, 0, 2, 32, 0, 0]",up
76,492,"[0, 4, 2, 8, 8, 16, 4, 2, 0, 16, 64, 8, 4, 0, 2, 32]",right
77,508,"[2, 0, 2, 8, 0, 0, 4, 2, 8, 4, 64, 8, 4, 32, 2, 32]",down
78,512,"[4, 8, 0, 2, 4, 2, 0, 0, 8, 4, 64, 8, 4, 32, 2, 32]",left
79,512,"[0, 4, 8, 2, 0, 2, 4, 2, 8, 4, 64, 8, 4, 32, 2, 32]",right
80,516,"[8, 4, 8, 4, 4, 2, 4, 8, 0, 4, 64, 32, 2, 32, 2, 0]",up
81,516,"[8, 4, 8, 4, 4, 2, 4, 8, 4, 64, 32, 2, 2, 32, 2, 0]",left
1,0,"[0, 0, 0, 0, 0, 0, 0, 2, 0, 0, 0, 0, 0, 0, 0, 2]",right
2,2,"[0, 0, 0, 0, 0, 0, 0, 0, 0, 2, 0, 0, 0, 0, 0, 4]",down
3,2,"[0, 0, 0, 0, 0, 0, 0, 0, 2, 0, 0, 0, 4, 0, 4, 0]",left
4,2,"[2, 0, 4, 0, 4, 0, 0, 0, 0, 0, 0, 0, 0, 0, 0, 2]",up
5,2,"[0, 0, 0, 0, 0, 0, 0, 0, 2, 2, 0, 0, 4, 0, 4, 2]",down
6,14,"[0, 2, 0, 0, 0, 0, 0, 0, 0, 0, 0, 4, 0, 0, 8, 2]",right
7,14,"[2, 2, 8, 4, 0, 0, 0, 2, 0, 0, 0, 0, 0, 0, 0, 0]",up
8,14,"[0, 0, 0, 0, 0, 0, 0, 0, 0, 2, 0, 4, 2, 2, 8, 2]",down
9,18,"[0, 0, 0, 0, 0, 0, 2, 0, 2, 4, 0, 0, 4, 8, 2, 0]",left
10,22,"[2, 4, 4, 0, 4, 8, 0, 0, 0, 0, 0, 0, 0, 0, 0, 2]",up
11,30,"[0, 2, 2, 8, 0, 0, 4, 8, 0, 0, 0, 0, 0, 0, 0, 2]",right
12,38,"[2, 0, 0, 0, 0, 0, 0, 0, 0, 0, 2, 16, 0, 2, 4, 2]",down
13,38,"[2, 0, 0, 0, 0, 0, 2, 0, 2, 16, 0, 0, 2, 4, 2, 0]",left
14,46,"[4, 16, 4, 0, 2, 4, 0, 0, 2, 0, 0, 0, 0, 0, 0, 0]",up
15,46,"[0, 4, 16, 4, 0, 0, 2, 4, 0, 0, 4, 2, 0, 0, 0, 0]",right
16,50,"[0, 0, 0, 0, 0, 2, 16, 0, 0, 0, 2, 8, 0, 4, 4, 2]",down
17,58,"[2, 0, 0, 0, 2, 16, 0, 0, 2, 8, 0, 0, 8, 2, 0, 0]",left
18,60,"[0, 0, 0, 0, 2, 16, 0, 0, 4, 8, 0, 0, 8, 2, 0, 2]",down
19,64,"[0, 0, 0, 0, 0, 0, 2, 16, 0, 0, 4, 8, 0, 2, 8, 4]",right
20,64,"[0, 0, 0, 0, 2, 16, 0, 0, 4, 8, 2, 0, 2, 8, 4, 0]",left
21,80,"[2, 16, 2, 0, 4, 16, 4, 0, 2, 0, 0, 0, 2, 0, 0, 0]",up
22,98,"[0, 0, 0, 0, 2, 0, 2, 0, 4, 0, 2, 0, 4, 32, 4, 0]",down
